Workbook

Sheet BATCH 1BTEST-1 8TH JUNE 25
A1: BAKLIWAL TUTORIALS
A2: JEE-2027 MAINS BTEST-01 RESULT 08TH JUNE 2025
A3: TOP 72 STUDENTS IN THE SUBJECT
A4: 73 - 144 STUDENTS IN THE SUBJECT
A5: 145 - 217 STUDENTS IN THE SUBJECT
B6: MEDIAN MARKS | D6: 40 | F6: 40 | H6: 54 | J6: 134
B7: MAX | D7: 100 | F7: 100 | H7: 100 | J7: 300
A8: TOTAL RANK | B8: STUDENT NAME | C8: ROLL NO. | D8: PHY | E8: PHY RANK | F8: CHEM | G8: CHE RANK | H8: MATHS | I8: MATH RANK | J8: TOTAL | K8: BRANCH
A9: 1 | B9: KETKI KULKARNI | C9: 27800409 | D9: 95 | E9: 3 | F9: 90 | G9: 2 | H9: 100 | I9: 1 | J9: 285 | K9: HO
A10: 2 | B10: KARTIK KULKARNI | C10: 27800404 | D10: 100 | E10: 1 | F10: 75 | G10: 12 | H10: 95 | I10: 3 | J10: 270 | K10: JS
A11: 3 | B11: JAYRAJ JUJAGAR | C11: 27800405 | D11: 90 | E11: 8 | F11: 80 | G11: 5 | H11: 100 | I11: 1 | J11: 270 | K11: JS
A12: 4 | B12: ANIMESH CHAVAN | C12: 27800403 | D12: 95 | E12: 3 | F12: 80 | G12: 5 | H12: 95 | I12: 3 | J12: 270 | K12: JS
A13: 5 | B13: YATHARTH APPASAHEB PATIL | C13: 27800014 | D13: 90 | E13: 8 | F13: 92 | G13: 1 | H13: 86 | I13: 18 | J13: 268 | K13: HO
A14: 6 | B14: SATVIKA MORE | C14: 27800410 | D14: 90 | E14: 8 | F14: 75 | G14: 12 | H14: 95 | I14: 3 | J14: 260 | K14: HO
A15: 7 | B15: AKHILESH GAIKWAD | C15: 27800407 | D15: 96 | E15: 2 | F15: 73 | G15: 18 | H15: 90 | I15: 11 | J15: 259 | K15: JS
A16: 8 | B16: AISHWARJA BEHERA | C16: 27800050 | D16: 90 | E16: 8 | F16: 72 | G16: 21 | H16: 95 | I16: 3 | J16: 257 | K16: HO
A17: 9 | B17: RAJDEEP KHANDU GAIKWAD | C17: 27800056 | D17: 91 | E17: 6 | F17: 76 | G17: 9 | H17: 90 | I17: 11 | J17: 257 | K17: JS
A18: 10 | B18: SANKET SHIVAPUTRA BUKKANURE | C18: 27800015 | D18: 95 | E18: 3 | F18: 71 | G18: 24 | H18: 90 | I18: 11 | J18: 256 | K18: HO
A19: 11 | B19: PIYUSH PAWAR | C19: 27800406 | D19: 90 | E19: 8 | F19: 75 | G19: 12 | H19: 90 | I19: 11 | J19: 255 | K19: JS
A20: 12 | B20: OJAS HUMNABADKAR | C20: 27800408 | D20: 91 | E20: 6 | F20: 73 | G20: 18 | H20: 90 | I20: 11 | J20: 254 | K20: JS
... A225: 217 | B225: ATHARV AJAYKUMAR PATIL | C225: 27800174 | D225: 0 | E225: 215 | F225: 5 | G225: 209 | H225: -10 | I225: 217 | J225: -5 | K225: HO

Sheet BATCH 2,3BTEST-1 22ND JUNE 25
A1: BAKLIWAL TUTORIALS
A2: JEE-2027 MAINS BTEST-01 RESULT 22 JUNE 2025
A3: TOP 39 STUDENTS IN THE SUBJECT
A4: 40 - 78 STUDENTS IN THE SUBJECT
A5: 79 - 118 STUDENTS IN THE SUBJECT
B6: MEDIAN MARKS | D6: 48 | F6: 32 | H6: 41 | J6: 113
B7: MAX | D7: 100 | F7: 100 | H7: 100 | J7: 300
A8: TOTAL RANK | B8: STUDENT NAME | C8: ROLL NO. | D8: PHY | E8: PHY RANK | F8: CHEM | G8: CHE RANK | H8: MATHS | I8: MATH RANK | J8: TOTAL | K8: BRANCH
A9: 1 | B9: PRAGUN VINEET RATHI | C9: 27800167 | D9: 100 | E9: 1 | F9: 81 | G9: 1 | H9: 76 | I9: 11 | J9: 257 | K9: HO
A10: 2 | B10: SURYAANSH SHRINIWAS CHIPPA | C10: 27800218 | D10: 92 | E10: 3 | F10: 66 | G10: 8 | H10: 90 | I10: 2 | J10: 248 | K10: HO
A11: 3 | B11: ANANYA GOVING ANAGUNDE | C11: 27800052 | D11: 90 | E11: 6 | F11: 77 | G11: 2 | H11: 75 | I11: 12 | J11: 242 | K11: HO
A12: 4 | B12: TANISHKA SHRIKANT MELGEPATIL | C12: 27800177 | D12: 91 | E12: 4 | F12: 73 | G12: 3 | H12: 75 | I12: 12 | J12: 239 | K12: HO
A13: 5 | B13: SHAMIK SUBHASH GAIKWAD | C13: 27800287 | D13: 91 | E13: 4 | F13: 66 | G13: 8 | H13: 81 | I13: 6 | J13: 238 | K13: JS
A14: 6 | B14: ADITI SHAILESH BANDE | C14: 27800257 | D14: 95 | E14: 2 | F14: 68 | G14: 6 | H14: 73 | I14: 14 | J14: 236 | K14: JS
A15: 7 | B15: GIRISH VITHAL NARANGKAR | C15: 27800202 | D15: 80 | E15: 11 | F15: 70 | G15: 4 | H15: 80 | I15: 7 | J15: 230 | K15: HO
A16: 8 | B16: SHRIYASH JADHAV | C16: 27900029 | D16: 76 | E16: 14 | F16: 63 | G16: 10 | H16: 82 | I16: 4 | J16: 221 | K16: PANDHARPUR
A17: 9 | B17: OM PRASHANT CHIVADSHETTI | C17: 27800236 | D17: 86 | E17: 8 | F17: 55 | G17: 15 | H17: 80 | I17: 7 | J17: 221 | K17: JS
A18: 10 | B18: ANSHULA MAHESH KSHIRSAGAR | C18: 27800304 | D18: 62 | E18: 34 | F18: 67 | G18: 7 | H18: 86 | I18: 3 | J18: 215 | K18: AC
A19: 11 | B19: SHRYEA VIJAYKUMAR BIRADAR | C19: 27800199 | D19: 76 | E19: 14 | F19: 44 | G19: 33 | H19: 82 | I19: 4 | J19: 202 | K19: HO
A20: 12 | B20: RAJNANDINI PRAVIN KALKOTE | C20: 27800234 | D20: 57 | E20: 45 | F20: 53 | G20: 16 | H20: 91 | I20: 1 | J20: 201 | K20: HO
... A126: 118 | B126: UTKARSH SHRIKANT BUVA | C126: 27800227 | D126: 4 | E126: 112 | F126: -2 | G126: 116 | H126: 8 | I126: 114 | J126: 10 | K126: JS
A127: STUDENTS WHOSE NAMES ARE NOT IN RANK LIST,WERE ABSENT FOR THE TEST

Sheet BATCH 1BTEST-2 6TH JULY 25
A1: BAKLIWAL TUTORIALS
A2: JEE-2027 MAINS BTEST-02 RESULT 06TH JULY 2025
A3: TOP 65 STUDENTS IN THE SUBJECT
A4: 66 - 130 STUDENTS IN THE SUBJECT
A5: 131 - 195 STUDENTS IN THE SUBJECT
B6: MEDIAN MARKS | D6: 35 | F6: 56 | H6: 54 | J6: 140
B7: MAX | D7: 100 | F7: 100 | H7: 100 | J7: 300
A8: TOTAL RANK | B8: STUDENT NAME | C8: ROLL NO. | D8: PHY | E8: PHY RANK | F8: CHEM | G8: CHE RANK | H8: MATHS | I8: MATH RANK | J8: TOTAL | K8: BRANCH
A9: 1 | B9: KARTIK KULKARNI | C9: 27800404 | D9: 95 | E9: 1 | F9: 95 | G9: 2 | H9: 100 | I9: 1 | J9: 290 | K9: JS
A10: 2 | B10: SUMIT ANNASAHEB TAKADE | C10: 27800077 | D10: 95 | E10: 1 | F10: 90 | G10: 6 | H10: 100 | I10: 1 | J10: 285 | K10: JS
A11: 3 | B11: KETKI AJIT KULKARNI | C11: 27800409 | D11: 90 | E11: 6 | F11: 90 | G11: 6 | H11: 100 | I11: 1 | J11: 280 | K11: HO
A12: 4 | B12: OJAS HUMNABADKAR | C12: 27800408 | D12: 95 | E12: 1 | F12: 95 | G12: 2 | H12: 90 | I12: 12 | J12: 280 | K12: JS
A13: 5 | B13: JAYRAJ JUJAGAR | C13: 27800405 | D13: 91 | E13: 5 | F13: 90 | G13: 6 | H13: 95 | I13: 7 | J13: 276 | K13: JS
A14: 6 | B14: SATVIKA SACHIN MORE | C14: 27800410 | D14: 95 | E14: 1 | F14: 90 | G14: 6 | H14: 90 | I14: 12 | J14: 275 | K14: HO
A15: 7 | B15: AISHWARJA BEHERA | C15: 27800050 | D15: 85 | E15: 9 | F15: 90 | G15: 6 | H15: 100 | I15: 1 | J15: 275 | K15: HO
A16: 8 | B16: YATHARTH APPASAHEB PATIL | C16: 27800014 | D16: 77 | E16: 15 | F16: 100 | G16: 1 | H16: 91 | I16: 9 | J16: 268 | K16: HO
A17: 9 | B17: SANKET SHIVAPUTRA BUKKANURE | C17: 27800015 | D17: 85 | E17: 9 | F17: 80 | G17: 41 | H17: 100 | I17: 1 | J17: 265 | K17: HO
A18: 10 | B18: ANIMESH CHAVAN | C18: 27800403 | D18: 80 | E18: 12 | F18: 85 | G18: 17 | H18: 100 | I18: 1 | J18: 265 | K18: JS
A19: 11 | B19: HARSHVARDHAN CHOUDHARI | C19: 27800028 | D19: 86 | E19: 8 | F19: 77 | G19: 47 | H19: 95 | I19: 7 | J19: 258 | K19: JS
A20: 12 | B20: SAYALI MADALE | C20: 27800411 | D20: 87 | E20: 7 | F20: 83 | G20: 26 | H20: 84 | I20: 24 | J20: 254 | K20: HO
... A203: 195 | B203: SHRIDHAR VIJAYKUMAR DASI | C203: 27800136 | D203: 12 | E203: 179 | F203: -9 | G203: 195 | H203: -11 | I203: 195 | J203: -8 | K203: AC
A204: STUDENTS WHOSE NAMES ARE NOT IN RANK LIST,WERE ABSENT FOR THE TEST

Sheet BATCH 2,3BTEST-2 20TH JULY 25
A1: BAKLIWAL TUTORIALS
A2: JEE-2027 MAINS BTEST-02 RESULT 20 JULY 2025
A3: TOP 45 STUDENTS IN THE SUBJECT
A4: 46 - 90 STUDENTS IN THE SUBJECT
A5: 91 - 134 STUDENTS IN THE SUBJECT
B6: MEDIAN MARKS | D6: 25.5 | F6: 26.5 | H6: 29 | J6: 85.5
B7: MAX | D7: 100 | F7: 100 | H7: 100 | J7: 300
A8: TOTAL RANK | B8: STUDENT NAME | C8: ROLL NO. | D8: PHY | E8: PHY RANK | F8: CHEM | G8: CHE RANK | H8: MATHS | I8: MATH RANK | J8: TOTAL | K8: BRANCH
A9: 1 | B9: PRAGUN VINEET RATHI | C9: 27800167 | D9: 82 | E9: 1 | F9: 90 | G9: 1 | H9: 83 | I9: 2 | J9: 255 | K9: HO
A10: 2 | B10: VARAD SAGAR MALANI | C10: 27800314 | D10: 72 | E10: 5 | F10: 86 | G10: 3 | H10: 85 | I10: 1 | J10: 243 | K10: HO
A11: 3 | B11: SHREYA VIJAYKUMAR BIRADAR | C11: 27800199 | D11: 73 | E11: 4 | F11: 87 | G11: 2 | H11: 74 | I11: 3 | J11: 234 | K11: HO
A12: 4 | B12: SURYAANSH SHRINIWAS CHIPPA | C12: 27800218 | D12: 79 | E12: 2 | F12: 83 | G12: 4 | H12: 63 | I12: 11 | J12: 225 | K12: HO
A13: 5 | B13: ANANYA GOVING ANAGUNDE | C13: 27800052 | D13: 77 | E13: 3 | F13: 78 | G13: 6 | H13: 65 | I13: 8 | J13: 220 | K13: HO
A14: 6 | B14: SHREYA MAHADEV VASTARE | C14: 27800298 | D14: 68 | E14: 8 | F14: 79 | G14: 5 | H14: 65 | I14: 8 | J14: 212 | K14: HO
A15: 7 | B15: GIRISH VITHAL NARANGKAR | C15: 27800202 | D15: 61 | E15: 11 | F15: 75 | G15: 7 | H15: 62 | I15: 13 | J15: 198 | K15: HO
A16: 8 | B16: TANISHKA SHRIKANT MELGEPATIL | C16: 27800177 | D16: 51 | E16: 20 | F16: 72 | G16: 8 | H16: 67 | I16: 6 | J16: 190 | K16: HO
A17: 9 | B17: RAJNANDINI PRAVIN KALKOTE | C17: 27800234 | D17: 71 | E17: 7 | F17: 57 | G17: 17 | H17: 53 | I17: 22 | J17: 181 | K17: HO
A18: 10 | B18: ANSHULA MAHESH KSHIRSAGAR | C18: 27800304 | D18: 59 | E18: 12 | F18: 61 | G18: 12 | H18: 59 | I18: 16 | J18: 179 | K18: AC
A19: 11 | B19: SHRUTI SHIVAJI KANHERE | C19: 27800308 | D19: 64 | E19: 9 | F19: 50 | G19: 27 | H19: 63 | I19: 11 | J19: 177 | K19: JS
A20: 12 | B20: MRUNALI SATISH BARAD | C20: 27800248 | D20: 40 | E20: 35 | F20: 60 | G20: 14 | H20: 66 | I20: 7 | J20: 166 | K20: HO
... A71: 63 | B71: SAMRUDDHI SUNIL BIRAJDAR | C71: 27800205 | D71: 39 | E71: 37 | F71: 22 | G71: 76 | H71: 28 | I71: 69 | J71: 89 | K71: HO
A72: 64 | B72: RUTURAJ MANE | D72: 14 | E72: 96 | F72: 26 | G72: 68 | H72: 49 | I72: 29 | J72: 89 | K72: PANDHARPUR
A73: 65 | B73: ATHARVA GHONGADE | C73: 27900028 | D73: 28 | E73: 62 | F73: 30 | G73: 60 | H73: 30 | I73: 64 | J73: 88 | K73: PANDHARPUR
A74: 66 | B74: RAJWARDHAN GUND | C74: 27900033 | D74: 15 | E74: 92 | F74: 40 | G74: 44 | H74: 33 | I74: 57 | J74: 88 | K74: PANDHARPUR
A75: 67 | B75: VAINATEY KARCHE | C75: 27900038 | D75: 23 | E75: 75 | F75: 18 | G75: 86 | H75: 47 | I75: 31 | J75: 88 | K75: PANDHARPUR
A76: 68 | B76: SHLOK SANTOSH GHODAKE | C76: 27800265 | D76: 24 | E76: 71 | F76: 14 | G76: 99 | H76: 45 | I76: 34 | J76: 83 | K76: JS
A77: 69 | B77: PRUTHVIRAJ SHAMBHULING WALE | C77: 27800222 | D77: 24 | E77: 71 | F77: 32 | G77: 56 | H77: 25 | I77: 76 | J77: 81 | K77: JS
A78: 70 | B78: REVATI UMESH BHOJANE | C78: 27800321 | D78: 25 | E78: 68 | F78: 15 | G78: 96 | H78: 40 | I78: 40 | J78: 80 | K78: HO
A79: 71 | B79: DEVDATH RAMCHANDRA NALLA | C79: 27800306 | D79: 44 | E79: 27 | F79: 26 | G79: 68 | H79: 9 | I79: 118 | J79: 79 | K79: AC
A80: 72 | B80: ABHISHEK PARSHURAM KADACHE | C80: 27800263 | D80: 23 | E80: 75 | F80: 20 | G80: 80 | H80: 34 | I80: 53 | J80: 77 | K80: HO
A81: 73 | B81: MANASI MAHESH MANURE | C81: 27800316 | D81: 14 | E81: 96 | F81: 45 | G81: 32 | H81: 17 | I81: 99 | J81: 76 | K81: AC
A82: 74 | B82: HARSHAD RAMCHANDRA TIRTHANKAR | C82: 27800200 | D82: 12 | E82: 106 | F82: 41 | G82: 43 | H82: 22 | I82: 83 | J82: 75 | K82: JS
A83: 75 | B83: VINAYAK RAMKRISHNA SHRIGUPKAR | C83: 27800280 | D83: 31 | E83: 48 | F83: 19 | G83: 81 | H83: 25 | I83: 76 | J83: 75 | K83: JS
A84: 76 | B84: VEDIKA PURUSHOTTAM WADDEPALLI | C84: 27800285 | D84: 24 | E84: 71 | F84: 27 | G84: 66 | H84: 22 | I84: 83 | J84: 73 | K84: AC
... A142: 134 | B142: SAMARTH SHIVAYYA MATHPATI | C142: 27800240 | D142: 6 | E142: 117 | F142: -9 | G142: 134 | H142: -4 | I142: 134 | J142: -7 | K142: HO
A143: STUDENTS WHOSE NAMES ARE NOT IN RANK LIST,WERE ABSENT FOR THE TEST

Sheet BTEST-303 AUG 25
A1: BAKLIWAL TUTORIALS
A2: JEE-2027 MAINS BTEST-03 RESULT 03RD AUGUST 2025
A3: TOP 117 STUDENTS IN THE SUBJECT
A4: 118 - 234 STUDENTS IN THE SUBJECT
A5: 235 - 349 STUDENTS IN THE SUBJECT
B6: MEDIAN MARKS | D6: 24 | F6: 51 | H6: 36 | J6: 110
B7: MAX | D7: 100 | F7: 100 | H7: 100 | J7: 300
A8: TOTAL RANK | B8: STUDENT NAME | C8: ROLL NO. | D8: PHY | E8: PHY RANK | F8: CHEM | G8: CHE RANK | H8: MATHS | I8: MATH RANK | J8: TOTAL | K8: BRANCH
A9: 1 | B9: ANIMESH CHAVAN | C9: 27800403 | D9: 90 | E9: 3 | F9: 96 | G9: 1 | H9: 91 | I9: 1 | J9: 277 | K9: JS
A10: 2 | B10: KETKI KILKARNI | C10: 27800409 | D10: 90 | E10: 3 | F10: 87 | G10: 5 | H10: 90 | I10: 2 | J10: 267 | K10: HO
A11: 3 | B11: SANKET SHIVAPUTRA BUKKANURE | C11: 27800015 | D11: 90 | E11: 3 | F11: 86 | G11: 6 | H11: 85 | I11: 6 | J11: 261 | K11: HO
A12: 4 | B12: KARTIK KULKARNI | C12: 27800404 | D12: 85 | E12: 12 | F12: 86 | G12: 6 | H12: 87 | I12: 5 | J12: 258 | K12: JS
A13: 5 | B13: SUMIT ANNASAHEB TAKADE | C13: 27800077 | D13: 87 | E13: 9 | F13: 83 | G13: 10 | H13: 77 | I13: 14 | J13: 247 | K13: JS
A14: 6 | B14: SATVIKA MORE | C14: 27800410 | D14: 76 | E14: 28 | F14: 90 | G14: 3 | H14: 81 | I14: 11 | J14: 247 | K14: HO
A15: 7 | B15: AISHWARJA BEHERA | C15: 27800050 | D15: 83 | E15: 16 | F15: 78 | G15: 16 | H15: 84 | I15: 7 | J15: 245 | K15: HO
A16: 8 | B16: ISHAAN PHADE | C16: 27900002 | D16: 91 | E16: 1 | F16: 77 | G16: 21 | H16: 75 | I16: 17 | J16: 243 | K16: PANDHARPUR
A17: 9 | B17: JAYRAJ HUGAR | C17: 27800405 | D17: 90 | E17: 3 | F17: 71 | G17: 41 | H17: 82 | I17: 9 | J17: 243 | K17: JS
A18: 10 | B18: OJAS HUMNABADKAR | C18: 27800408 | D18: 85 | E18: 12 | F18: 67 | G18: 62 | H18: 90 | I18: 2 | J18: 242 | K18: JS
A19: 11 | B19: PIYUSH PAWAR | C19: 27800406 | D19: 70 | E19: 36 | F19: 74 | G19: 32 | H19: 88 | I19: 4 | J19: 232 | K19: JS
A20: 12 | B20: RAJDEEP KHANDU GAIKWAD | C20: 27800056 | D20: 85 | E20: 12 | F20: 69 | G20: 50 | H20: 77 | I20: 14 | J20: 231 | K20: JS
... A97: 89 | B97: DHANUSH SALAGALA | C97: 27800413 | D97: 50 | E97: 81 | F97: 65 | G97: 78 | H97: 43 | I97: 132 | J97: 158 | K97: AC
A98: 90 | B98: SARTHAK KATEKAR | D98: 42 | E98: 99 | F98: 66 | G98: 70 | H98: 49 | I98: 100 | J98: 157 | K98: PANDHARPUR
A99: 91 | B99: RAJNANDINI PRAVIN KALKOTE | C99: 27800234 | D99: 26 | E99: 164 | F99: 62 | G99: 92 | H99: 67 | I99: 32 | J99: 155 | K99: HO
A100: 92 | B100: AMOL SIDDHARAM BHADANGE | C100: 27800165 | D100: 44 | E100: 94 | F100: 54 | G100: 155 | H100: 56 | I100: 69 | J100: 154 | K100: JS
A101: 93 | B101: VAINATEY KARCHE | C101: 27900038 | D101: 56 | E101: 64 | F101: 54 | G101: 155 | H101: 42 | I101: 137 | J101: 152 | K101: PANDHARPUR
A102: 94 | B102: VARAD VAIBHAV THOKAL | C102: 27800018 | D102: 53 | E102: 72 | F102: 39 | G102: 237 | H102: 58 | I102: 57 | J102: 150 | K102: JS
A103: 95 | B103: HARISHCHANDRA DETHE | C103: 27900025 | D103: 52 | E103: 76 | F103: 56 | G103: 134 | H103: 41 | I103: 141 | J103: 149 | K103: PANDHARPUR
A104: 96 | B104: SNEHA YADAV | C104: 27900031 | D104: 34 | E104: 124 | F104: 58 | G104: 123 | H104: 57 | I104: 61 | J104: 149 | K104: PANDHARPUR
A105: 97 | B105: VEDIKA KALBURGI | C105: 27800029 | D105: 44 | E105: 94 | F105: 69 | G105: 50 | H105: 36 | I105: 168 | J105: 149 | K105: JS
A106: 98 | B106: ATHARV AMOL CHINTAMANI | C106: 27800282 | D106: 45 | E106: 92 | F106: 56 | G106: 134 | H106: 48 | I106: 107 | J106: 149 | K106: JS
A107: 99 | B107: SHRUTI SHIVAJI KANHERE | C107: 27800308 | D107: 43 | E107: 96 | F107: 66 | G107: 70 | H107: 40 | I107: 148 | J107: 149 | K107: JS
A108: 100 | B108: GAYATRI BHAGYAWAN LOKHANDE | C108: 27800150 | D108: 19 | E108: 198 | F108: 75 | G108: 26 | H108: 55 | I108: 73 | J108: 149 | K108: HO
A109: 101 | B109: RUSHIKESH KATKAR | C109: 27900024 | D109: 51 | E109: 78 | F109: 62 | G109: 92 | H109: 34 | I109: 181 | J109: 147 | K109: PANDHARPUR
A110: 102 | B110: SHRIYASH JADHAV | C110: 27900029 | D110: 32 | E110: 133 | F110: 79 | G110: 14 | H110: 36 | I110: 168 | J110: 147 | K110: PANDHARPUR
... A141: 133 | B141: AMRUTA AUDHUMBAR CHAVRE | C141: 27800228 | D141: 29 | E141: 147 | F141: 72 | G141: 38 | H141: 29 | I141: 214 | J141: 130 | K141: JS
A142: 134 | B142: SOHAM KAVARE | D142: 40 | E142: 106 | F142: 42 | G142: 225 | H142: 47 | I142: 110 | J142: 129 | K142: PANDHARPUR
A143: 135 | B143: ADARSH BASAVRAJ NAROLE | C143: 27800082 | D143: 53 | E143: 72 | F143: 24 | G143: 296 | H143: 52 | I143: 88 | J143: 129 | K143: JS
A144: 136 | B144: AKSHATA AMAR SHINDE | C144: 27800046 | D144: 25 | E144: 169 | F144: 54 | G144: 155 | H144: 49 | I144: 100 | J144: 128 | K144: HO
A145: 137 | B145: AATMAN SANDIP KULKARNI | C145: 27800164 | D145: 47 | E145: 88 | F145: 42 | G145: 225 | H145: 39 | I145: 152 | J145: 128 | K145: JS
A146: 138 | B146: SHOURYA PURNENDU DHEPE | C146: 27800031 | D146: 29 | E146: 147 | F146: 46 | G146: 202 | H146: 53 | I146: 83 | J146: 128 | K146: JS
A147: 139 | B147: PURVA PUJARI | C147: 27800219 | D147: 19 | E147: 198 | F147: 65 | G147: 78 | H147: 44 | I147: 129 | J147: 128 | K147: JS
A148: 140 | B148: PRITI ANILKUMAR KUMBHAR | C148: 27800260 | D148: 23 | E148: 179 | F148: 71 | G148: 41 | H148: 33 | I148: 189 | J148: 127 | K148: AC
A149: 141 | B149: AMRUTA VILAS BHAJIBHAKARE | C149: 27800244 | D149: 34 | E149: 124 | F149: 44 | G149: 213 | H149: 48 | I149: 107 | J149: 126 | K149: JS
A150: 142 | B150: ANUSHKA PRAVIN CHANDANSHIVE | C150: 27800109 | D150: 36 | E150: 116 | F150: 44 | G150: 213 | H150: 46 | I150: 117 | J150: 126 | K150: JS
A151: 143 | B151: SIDDHANATH ABHAY JOSHI | C151: 27800037 | D151: 22 | E151: 184 | F151: 52 | G151: 166 | H151: 50 | I151: 95 | J151: 124 | K151: HO
A152: 144 | B152: VAISHNAV PUNYAWANT DHUMAL | C152: 27800172 | D152: 32 | E152: 133 | F152: 65 | G152: 78 | H152: 27 | I152: 226 | J152: 124 | K152: JS
A153: 145 | B153: NAYAN | C153: 27800049 | D153: 28 | E153: 152 | F153: 60 | G153: 104 | H153: 36 | I153: 168 | J153: 124 | K153: HO
A154: 146 | B154: AYUSH NAVNATH GURAV | C154: 27800255 | D154: 31 | E154: 137 | F154: 55 | G154: 146 | H154: 35 | I154: 177 | J154: 121 | K154: JS
... A357: 349 | B357: SHREYASH BABUSHA ISHWARKATTI | C357: 27800237 | D357: -9 | E357: 347 | F357: -4 | G357: 349 | H357: -1 | I357: 346 | J357: -14 | K357: JS
A358: STUDENTS WHOSE NAMES ARE NOT IN RANK LIST,WERE ABSENT FOR THE TEST

Sheet GRAND TEST-1 16TH AUG 25
A1: BAKLIWAL TUTORIALS
A2: JEE-2027 MAINS GRAND TEST - 01 RESULT 16TH AUGUST 2025
A3: TOP 122 STUDENTS IN THE SUBJECT
A4: 123 - 244 STUDENTS IN THE SUBJECT
A5: 245 - 367 STUDENTS IN THE SUBJECT
B6: MEDIAN MARKS | D6: 33 | F6: 42 | H6: 36 | J6: 113
B7: MAX | D7: 100 | F7: 100 | H7: 100 | J7: 300
A8: TOTAL RANK | B8: STUDENT NAME | C8: ROLL NO. | D8: PHY | E8: PHY RANK | F8: CHEM | G8: CHE RANK | H8: MATHS | I8: MATH RANK | J8: TOTAL | K8: BRANCH
A9: 1 | B9: ISHAN PHADE | C9: 27900002 | D9: 95 | E9: 2 | F9: 96 | G9: 1 | H9: 88 | I9: 11 | J9: 279 | K9: PANDHARPUR
A10: 2 | B10: KETKI KILKARNI | C10: 27800409 | D10: 85 | E10: 4 | F10: 82 | G10: 11 | H10: 100 | I10: 1 | J10: 267 | K10: HO
A11: 3 | B11: KARTIK KULKARNI | C11: 27800404 | D11: 100 | E11: 1 | F11: 86 | G11: 5 | H11: 76 | I11: 39 | J11: 262 | K11: JS
A12: 4 | B12: ARYAN SHAMKUMAR DESHMUKH | C12: 27800016 | D12: 85 | E12: 4 | F12: 81 | G12: 14 | H12: 85 | I12: 14 | J12: 251 | K12: JS
A13: 5 | B13: YATHARTH APPASAHEB PATIL | C13: 27800014 | D13: 70 | E13: 26 | F13: 90 | G13: 4 | H13: 90 | I13: 8 | J13: 250 | K13: HO
A14: 6 | B14: RAJDEEP KHANDU GAIKWAD | C14: 27800056 | D14: 81 | E14: 10 | F14: 86 | G14: 5 | H14: 82 | I14: 20 | J14: 249 | K14: JS
A15: 7 | B15: OJAS HUMNABADKAR | C15: 27800408 | D15: 75 | E15: 18 | F15: 81 | G15: 14 | H15: 90 | I15: 8 | J15: 246 | K15: JS
A16: 8 | B16: GIRISH VITHAL NARANGKAR | C16: 27800202 | D16: 78 | E16: 15 | F16: 86 | G16: 5 | H16: 80 | I16: 27 | J16: 244 | K16: HO
A17: 9 | B17: SUMIT ANNASAHEB TAKADE | C17: 27800077 | D17: 80 | E17: 13 | F17: 73 | G17: 32 | H17: 91 | I17: 6 | J17: 244 | K17: JS
A18: 10 | B18: PRAGUN VINEET RATHI | C18: 27800167 | D18: 76 | E18: 17 | F18: 95 | G18: 2 | H18: 72 | I18: 52 | J18: 243 | K18: HO
A19: 11 | B19: ANIMESH CHAVAN | C19: 27800403 | D19: 86 | E19: 3 | F19: 81 | G19: 14 | H19: 76 | I19: 39 | J19: 243 | K19: JS
A20: 12 | B20: ARJUN RANJEET PATIL | C20: 27800035 | D20: 81 | E20: 10 | F20: 86 | G20: 5 | H20: 72 | I20: 52 | J20: 239 | K20: JS
... A375: 367 | B375: MADIHA FIRDOS SHAIKH | C375: 27800264 | D375: -2 | E375: 355 | F375: 12 | G375: 330 | H375: -10 | I375: 367 | J375: 0 | K375: HO
A376: STUDENTS WHOSE NAMES ARE NOT IN RANK LIST,WERE ABSENT FOR THE TEST

Sheet BTEST414TH SEPT 25
A1: BAKLIWAL TUTORIALS
A2: JEE-2027 MAINS BTEST-04 RESULT 14 SEPTEMBER 2025
A3: TOP 107 STUDENTS IN THE SUBJECT
A4: 108 - 214 STUDENTS IN THE SUBJECT
A5: 215 - 322 STUDENTS IN THE SUBJECT
B6: MEDIAN MARKS | D6: 40 | F6: 43.5 | H6: 28 | J6: 106
B7: MAX | D7: 100 | F7: 100 | H7: 100 | J7: 300
A8: TOTAL RANK | B8: STUDENT NAME | C8: ROLL NO. | D8: PHY | E8: PHY RANK | F8: CHEM | G8: CHE RANK | H8: MATHS | I8: MATH RANK | J8: TOTAL | K8: BRANCH | L8: BATCH
A9: 1 | B9: ISHAN PHADE | C9: 27353204 | D9: 91 | E9: 3 | F9: 95 | G9: 4 | H9: 100 | I9: 1 | J9: 286 | K9: PANDHARPUR
A10: 2 | B10: KETKI KULKARNI | C10: 27800409 | D10: 95 | E10: 2 | F10: 100 | G10: 1 | H10: 87 | I10: 4 | J10: 282 | K10: JS | L10: WOW
A11: 3 | B11: PIYUSH PAWAR | C11: 27800406 | D11: 85 | E11: 12 | F11: 100 | G11: 1 | H11: 90 | I11: 3 | J11: 275 | K11: JS
A12: 4 | B12: OJAS HUMNABADKAR | C12: 27800408 | D12: 90 | E12: 5 | F12: 80 | G12: 27 | H12: 100 | I12: 1 | J12: 270 | K12: JS | L12: WOW
A13: 5 | B13: KARTIK KULKARNI | C13: 27800404 | D13: 90 | E13: 5 | F13: 100 | G13: 1 | H13: 79 | I13: 11 | J13: 269 | K13: JS | L13: WOW
A14: 6 | B14: RAJDEEP KHANDU GAIKWAD | C14: 27343132 | D14: 96 | E14: 1 | F14: 91 | G14: 6 | H14: 79 | I14: 11 | J14: 266 | K14: JS | L14: WOW
A15: 7 | B15: SATVIKA MORE | C15: 27800410 | D15: 87 | E15: 9 | F15: 91 | G15: 6 | H15: 87 | I15: 4 | J15: 265 | K15: JS | L15: WOW
A16: 8 | B16: SUMIT ANNASAHEB TAKADE | C16: 27371780 | D16: 86 | E16: 11 | F16: 91 | G16: 6 | H16: 84 | I16: 8 | J16: 261 | K16: JS | L16: WOW
A17: 9 | B17: ANIMESH CHAVAN | C17: 27800403 | D17: 90 | E17: 5 | F17: 90 | G17: 9 | H17: 72 | I17: 17 | J17: 252 | K17: JS | L17: WOW
A18: 10 | B18: PRAGUN VINEET RATHI | C18: 27343975 | D18: 82 | E18: 17 | F18: 95 | G18: 4 | H18: 74 | I18: 16 | J18: 251 | K18: JS | L18: WOW
A19: 11 | B19: HARSHVARDHAN CHOUDHARI | C19: 27338488 | D19: 72 | E19: 40 | F19: 87 | G19: 11 | H19: 87 | I19: 4 | J19: 246 | K19: JS | L19: WOW
A20: 12 | B20: ARYAN SHAMKUMAR DESHMUKH | C20: 27343303 | D20: 85 | E20: 12 | F20: 75 | G20: 43 | H20: 85 | I20: 7 | J20: 245 | K20: JS | L20: WOW
A21: 13 | B21: OJAS AKASH REPAL | C21: 26850028 | D21: 88 | E21: 8 | F21: 78 | G21: 29 | H21: 78 | I21: 13 | J21: 244 | K21: JS | L21: WOW
A22: 14 | B22: JAYRAJ HUGAR | C22: 27800405 | D22: 78 | E22: 27 | F22: 90 | G22: 9 | H22: 75 | I22: 14 | J22: 243 | K22: JS | L22: WOW
A23: 15 | B23: SANKET SHIVAPUTRA BUKKANURE | C23: 27333715 | D23: 85 | E23: 12 | F23: 85 | G23: 16 | H23: 70 | I23: 20 | J23: 240 | K23: JS | L23: WOW
A24: 16 | B24: AKHILESH GAIKWAD | C24: 27800407 | D24: 73 | E24: 38 | F24: 86 | G24: 13 | H24: 81 | I24: 10 | J24: 240 | K24: JS
A25: 17 | B25: AVADHOOT KULKARNI | C25: 27361589 | D25: 81 | E25: 22 | F25: 85 | G25: 16 | H25: 71 | I25: 19 | J25: 237 | K25: JS | L25: WOW
A26: 18 | B26: VARAD MALANI | C26: 27194907 | D26: 80 | E26: 24 | F26: 86 | G26: 13 | H26: 70 | I26: 20 | J26: 236 | K26: JS | L26: WOW
A27: 19 | B27: YATHARTH YADAV | C27: 27362914 | D27: 82 | E27: 17 | F27: 68 | G27: 65 | H27: 82 | I27: 9 | J27: 232 | K27: JS | L27: WOW
A28: 20 | B28: SHREYA ANIL ANKOLKAR | C28: 27358598 | D28: 87 | E28: 9 | F28: 78 | G28: 29 | H28: 66 | I28: 24 | J28: 231 | K28: JS | L28: WOW
A29: 21 | B29: ANUJ MANOJ JADHAV | C29: 27372856 | D29: 74 | E29: 35 | F29: 87 | G29: 11 | H29: 63 | I29: 34 | J29: 224 | K29: JS | L29: WIZ
A30: 22 | B30: SHRAVNI ARVIND GIRAM | C30: 27337339 | D30: 81 | E30: 22 | F30: 81 | G30: 26 | H30: 60 | I30: 41 | J30: 222 | K30: JS | L30: WOW
A31: 23 | B31: SAMRUDDHI RAJENDRAKUMAR KOLEKAR | C31: 27368316 | D31: 80 | E31: 24 | F31: 85 | G31: 16 | H31: 54 | I31: 54 | J31: 219 | K31: JS | L31: WOW
A32: 24 | B32: MADHAVI SATALINGAPPA DHODAMANI | C32: 27269367 | D32: 72 | E32: 40 | F32: 82 | G32: 24 | H32: 64 | I32: 28 | J32: 218 | K32: HO | L32: WIZ
A33: 25 | B33: SHREYA CHITNIS | C33: 27352438 | D33: 82 | E33: 17 | F33: 78 | G33: 29 | H33: 57 | I33: 49 | J33: 217 | K33: PANDHARPUR
A34: 26 | B34: VAISHNAVI VAIBHAV MORE | C34: 27344697 | D34: 72 | E34: 40 | F34: 83 | G34: 22 | H34: 61 | I34: 38 | J34: 216 | K34: JS | L34: WOW
A35: 27 | B35: TRISHA SHANKAR BHANDARI | C35: 27350345 | D35: 79 | E35: 26 | F35: 63 | G35: 85 | H35: 72 | I35: 17 | J35: 214 | K35: JS | L35: WOW
A36: 28 | B36: YASH SANTOSH BHAJIBHAKARE | C36: 27332994 | D36: 68 | E36: 52 | F36: 85 | G36: 16 | H36: 59 | I36: 44 | J36: 212 | K36: JS | L36: WIZ
A37: 29 | B37: VEDIKA REVANSIDDHA ANDHALKAR | C37: 27380101 | D37: 83 | E37: 15 | F37: 76 | G37: 40 | H37: 53 | I37: 57 | J37: 212 | K37: JS | L37: WOW
A38: 30 | B38: ARYAN SACHIN BHOSALE | C38: 27358884 | D38: 82 | E38: 17 | F38: 75 | G38: 43 | H38: 55 | I38: 52 | J38: 212 | K38: JS | L38: WOW
A39: 31 | B39: KOMAL SATISH PEGADA | C39: 27361800 | D39: 68 | E39: 52 | F39: 86 | G39: 13 | H39: 58 | I39: 46 | J39: 212 | K39: AC
A40: 32 | B40: SHUBHRA VILAS SARVADE | C40: 27358279 | D40: 72 | E40: 40 | F40: 75 | G40: 43 | H40: 64 | I40: 28 | J40: 211 | K40: JS | L40: WOW
A41: 33 | B41: SHIVSHARAN SANGALLE | C41: 27800400 | D41: 82 | E41: 17 | F41: 85 | G41: 16 | H41: 43 | I41: 86 | J41: 210 | K41: JS | L41: WIZ
A42: 34 | B42: SNEHAL SANTOSH NARAYANKAR | C42: 27370456 | D42: 78 | E42: 27 | F42: 66 | G42: 72 | H42: 64 | I42: 28 | J42: 208 | K42: JS | L42: WOW
A43: 35 | B43: SAYALI MADALE | C43: 27800411 | D43: 72 | E43: 40 | F43: 84 | G43: 21 | H43: 52 | I43: 60 | J43: 208 | K43: JS | L43: WOW
A44: 36 | B44: ARJUN RANJEET PATIL | C44: 27340819 | D44: 66 | E44: 56 | F44: 75 | G44: 43 | H44: 64 | I44: 28 | J44: 205 | K44: JS | L44: WOW
A45: 37 | B45: HARSHIT SANTOSHKUMAR THAKUR | C45: 27378713 | D45: 75 | E45: 34 | F45: 65 | G45: 78 | H45: 65 | I45: 26 | J45: 205 | K45: JS | L45: WIZ
A46: 38 | B46: MAHVISH MOHAMMAD ASIF SHAIKH | C46: 27362434 | D46: 64 | E46: 61 | F46: 70 | G46: 57 | H46: 70 | I46: 20 | J46: 204 | K46: HO | L46: WIZ
A47: 39 | B47: SURYAANSH SHRINIWAS CHIPPA | C47: 27363118 | D47: 67 | E47: 55 | F47: 71 | G47: 56 | H47: 66 | I47: 24 | J47: 204 | K47: HO | L47: WIZ
A48: 40 | B48: ARUSH AJIT KULKARNI | C48: 27109976 | D48: 63 | E48: 65 | F48: 72 | G48: 52 | H48: 69 | I48: 23 | J48: 204 | K48: JS | L48: WOW
A49: 41 | B49: SARTHAK KATEKAR | C49: 27357191 | D49: 78 | E49: 27 | F49: 67 | G49: 67 | H49: 52 | I49: 60 | J49: 197 | K49: PANDHARPUR
A50: 42 | B50: NEIL SHIVRAJ SHRIRAM | C50: 27380936 | D50: 55 | E50: 97 | F50: 78 | G50: 29 | H50: 64 | I50: 28 | J50: 197 | K50: HO | L50: WIZ
A51: 43 | B51: AISHWARJA BEHERA | C51: 27356474 | D51: 61 | E51: 72 | F51: 75 | G51: 43 | H51: 61 | I51: 38 | J51: 197 | K51: JS | L51: WOW
A52: 44 | B52: PRATIK VILAS VALLAKATI | C52: 27367699 | D52: 61 | E52: 72 | F52: 61 | G52: 97 | H52: 75 | I52: 14 | J52: 197 | K52: AC
A53: 45 | B53: ARYAN NALAWADE | C53: 27353485 | D53: 91 | E53: 3 | F53: 65 | G53: 78 | H53: 40 | I53: 100 | J53: 196 | K53: PANDHARPUR
A54: 46 | B54: YATHARTH APPASAHEB PATIL | C54: 27344511 | D54: 56 | E54: 91 | F54: 75 | G54: 43 | H54: 61 | I54: 38 | J54: 192 | K54: JS | L54: WOW
A55: 47 | B55: VEDASHRI NAGNATH MUNGAPATIL | C55: 27377476 | D55: 68 | E55: 52 | F55: 59 | G55: 106 | H55: 63 | I55: 34 | J55: 190 | K55: AC
A56: 48 | B56: KUNJAL MANIYAR | C56: 27353386 | D56: 77 | E56: 32 | F56: 54 | G56: 125 | H56: 58 | I56: 46 | J56: 189 | K56: PANDHARPUR
A57: 49 | B57: KRUTIKA BANKAPURE | C57: 27336986 | D57: 52 | E57: 107 | F57: 83 | G57: 22 | H57: 54 | I57: 54 | J57: 189 | K57: JS | L57: WIZ
A58: 50 | B58: ATHARVA ASHISH JAWALKAR | C58: 27359538 | D58: 74 | E58: 35 | F58: 77 | G58: 34 | H58: 38 | I58: 105 | J58: 189 | K58: JS | L58: WOW
A59: 51 | B59: MAYURI MANGESH SONAWANE | C59: 27377971 | D59: 69 | E59: 50 | F59: 77 | G59: 34 | H59: 42 | I59: 92 | J59: 188 | K59: JS | L59: WIZ
A60: 52 | B60: SAMARTH PARANNA BIRAJDAR | C60: 27372566 | D60: 74 | E60: 35 | F60: 69 | G60: 61 | H60: 44 | I60: 81 | J60: 187 | K60: JS | L60: WIZ
A61: 53 | B61: GIRISH VITHAL NARANGKAR | C61: 27377063 | D61: 71 | E61: 47 | F61: 72 | G61: 52 | H61: 42 | I61: 92 | J61: 185 | K61: JS | L61: WOW
A62: 54 | B62: VAISHNAVI JAYANT HOLEYPATIL | C62: 27354026 | D62: 62 | E62: 68 | F62: 76 | G62: 40 | H62: 46 | I62: 77 | J62: 184 | K62: JS | L62: WIZ
A63: 55 | B63: ADESH SOPAN PARDE | C63: 27380580 | D63: 64 | E63: 61 | F63: 57 | G63: 110 | H63: 63 | I63: 34 | J63: 184 | K63: JS | L63: WIZ
A64: 56 | B64: MUSADDIK MUBIN BAGWAN | C64: 27336135 | D64: 66 | E64: 56 | F64: 61 | G64: 97 | H64: 57 | I64: 49 | J64: 184 | K64: HO | L64: WIZ
A65: 57 | B65: VAISHNAVI ALAND | C65: 27347172 | D65: 65 | E65: 60 | F65: 66 | G65: 72 | H65: 52 | I65: 60 | J65: 183 | K65: JS | L65: WIZ
A66: 58 | B66: SHRAVNI VIJAY BHOSALE | C66: 27379233 | D66: 57 | E66: 86 | F66: 61 | G66: 97 | H66: 64 | I66: 28 | J66: 182 | K66: HO | L66: WIZ
A67: 59 | B67: REHAN MOHIB SHAIKH | C67: 27365104 | D67: 78 | E67: 27 | F67: 57 | G67: 110 | H67: 47 | I67: 75 | J67: 182 | K67: AC
A68: 60 | B68: ABHISHEK ANGAD DADGE | C68: 27359264 | D68: 59 | E68: 79 | F68: 63 | G68: 85 | H68: 60 | I68: 41 | J68: 182 | K68: HO | L68: WIZ
A69: 61 | B69: AMOL SIDDHARAM BHADANGE | C69: 27370899 | D69: 72 | E69: 40 | F69: 76 | G69: 40 | H69: 34 | I69: 131 | J69: 182 | K69: JS | L69: WIZ
A70: 62 | B70: AAMEYA DADPE | C70: 27800401 | D70: 71 | E70: 47 | F70: 67 | G70: 67 | H70: 43 | I70: 86 | J70: 181 | K70: JS
A71: 63 | B71: VIGHNESH ABHAY MALANG | C71: 27347562 | D71: 54 | E71: 99 | F71: 82 | G71: 24 | H71: 44 | I71: 81 | J71: 180 | K71: AC
A72: 64 | B72: MEGHRAJ PRABHAKAR DAHIPHALE | C72: 27359129 | D72: 62 | E72: 68 | F72: 66 | G72: 72 | H72: 52 | I72: 60 | J72: 180 | K72: JS | L72: WOW
A73: 65 | B73: HARSHWARDHAN DNYANEHSWAR BABAR | C73: 27374819 | D73: 66 | E73: 56 | F73: 51 | G73: 132 | H73: 63 | I73: 34 | J73: 180 | K73: JS | L73: WIZ
A74: 66 | B74: SHRIYASH JADHAV | C74: 27358636 | D74: 49 | E74: 116 | F74: 65 | G74: 78 | H74: 65 | I74: 26 | J74: 179 | K74: PANDHARPUR | L74: COC
A75: 67 | B75: ARYAN SADIGALE | C75: 27355192 | D75: 83 | E75: 15 | F75: 44 | G75: 156 | H75: 50 | I75: 66 | J75: 177 | K75: PANDHARPUR
A76: 68 | B76: SANYUKTA VASANT PATIL | C76: 27378902 | D76: 56 | E76: 91 | F76: 77 | G76: 34 | H76: 43 | I76: 86 | J76: 176 | K76: JS | L76: WIZ
A77: 69 | B77: SHUBHAM SHEKAPPA BELLE | C77: 27379009 | D77: 72 | E77: 40 | F77: 66 | G77: 72 | H77: 38 | I77: 105 | J77: 176 | K77: JS | L77: WOW
A78: 70 | B78: ANSHULA MAHESH KSHIRSAGAR | C78: 27371691 | D78: 54 | E78: 99 | F78: 60 | G78: 103 | H78: 60 | I78: 41 | J78: 174 | K78: AC
A79: 71 | B79: SHRUTI RAVIKUMAR MANGRULE | C79: 27373601 | D79: 63 | E79: 65 | F79: 60 | G79: 103 | H79: 51 | I79: 65 | J79: 174 | K79: JS | L79: WOW
A80: 72 | B80: SHAHIDAHMED VAJID BAGWAN | C80: 27380374 | D80: 49 | E80: 116 | F80: 72 | G80: 52 | H80: 53 | I80: 57 | J80: 174 | K80: JS | L80: WIZ
A81: 73 | B81: HARSHADA SUSHILKUMAR EKBOTE | C81: 27360150 | D81: 58 | E81: 82 | F81: 80 | G81: 27 | H81: 35 | I81: 125 | J81: 173 | K81: AC
A82: 74 | B82: KOMAL SIDDARAMAYYA HIREMATH | C82: 27372161 | D82: 49 | E82: 116 | F82: 66 | G82: 72 | H82: 58 | I82: 46 | J82: 173 | K82: JS | L82: WIZ
A83: 75 | B83: ANANYA GOVIND ANAGUNDE | C83: 27339321 | D83: 52 | E83: 107 | F83: 77 | G83: 34 | H83: 43 | I83: 86 | J83: 172 | K83: JS | L83: WOW
A84: 76 | B84: SHREYA VIJAYKUMAR BIRADAR | C84: 27340955 | D84: 58 | E84: 82 | F84: 78 | G84: 29 | H84: 36 | I84: 120 | J84: 172 | K84: JS | L84: WOW
A85: 77 | B85: TANYA ASHOKUMAR DODDI | C85: 27346569 | D85: 59 | E85: 79 | F85: 63 | G85: 85 | H85: 48 | I85: 74 | J85: 170 | K85: JS | L85: WIZ
A86: 78 | B86: ALOK SATISH PATED | C86: 27345022 | D86: 50 | E86: 114 | F86: 70 | G86: 57 | H86: 50 | I86: 66 | J86: 170 | K86: JS | L86: WIZ
A87: 79 | B87: SAMIKSHA VIJAYSINH CHOBE | C87: 27360251 | D87: 52 | E87: 107 | F87: 69 | G87: 61 | H87: 49 | I87: 69 | J87: 170 | K87: HO | L87: WIZ
A88: 80 | B88: MRUNALI SATISH BARAD | C88: 27373379 | D88: 47 | E88: 127 | F88: 69 | G88: 61 | H88: 53 | I88: 57 | J88: 169 | K88: HO | L88: WIZ
A89: 81 | B89: SHAMIK SUBHASH GAIKWAD | C89: 27370076 | D89: 57 | E89: 86 | F89: 70 | G89: 57 | H89: 41 | I89: 96 | J89: 168 | K89: JS | L89: WOW
A90: 82 | B90: PRAJAKTA SANTOSH SHELAR | C90: 27378341 | D90: 63 | E90: 65 | F90: 70 | G90: 57 | H90: 35 | I90: 125 | J90: 168 | K90: JS | L90: WOW
A91: 83 | B91: SAMRUDDHI SHANKAR MANE | C91: 27358912 | D91: 61 | E91: 72 | F91: 63 | G91: 85 | H91: 42 | I91: 92 | J91: 166 | K91: HO | L91: WIZ
A92: 84 | B92: MAYURESH DIPAK MALI | C92: 27360809 | D92: 61 | E92: 72 | F92: 72 | G92: 52 | H92: 33 | I92: 137 | J92: 166 | K92: JS | L92: WIZ
A93: 85 | B93: DOLLY DINESH AHUJA | C93: 27355944 | D93: 56 | E93: 91 | F93: 77 | G93: 34 | H93: 32 | I93: 141 | J93: 165 | K93: HO | L93: WIZ
... A95: 87 | B95: PRATIK MHAMANE | C95: 27349683 | D95: 69 | E95: 50 | F95: 51 | G95: 132 | H95: 44 | I95: 81 | J95: 164 | K95: HO | L95: WIZ
A96: 88 | B96: SHREYA MAHADEV VASTRE | D96: 51 | E96: 111 | F96: 62 | G96: 94 | H96: 49 | I96: 69 | J96: 162 | K96: HO | L96: WIZ
A97: 89 | B97: VINAYAK ASHWIN PAWAR | C97: 27337465 | D97: 64 | E97: 61 | F97: 61 | G97: 97 | H97: 36 | I97: 120 | J97: 161 | K97: JS | L97: WOW
A98: 90 | B98: VIKRANT HANMANTRAYA BIRAJDAR | C98: 27341486 | D98: 58 | E98: 82 | F98: 55 | G98: 117 | H98: 47 | I98: 75 | J98: 160 | K98: JS | L98: WIZ
A99: 91 | B99: MANSI RAJSHEKHAR MHAMANE | C99: 27364731 | D99: 51 | E99: 111 | F99: 67 | G99: 67 | H99: 41 | I99: 96 | J99: 159 | K99: JS | L99: WIZ
A100: 92 | B100: AVANTI ANIL JAGTAP | C100: 27346925 | D100: 41 | E100: 149 | F100: 63 | G100: 85 | H100: 55 | I100: 52 | J100: 159 | K100: JS | L100: WOW
A101: 93 | B101: SHREYA OGEPPA SONAGE | C101: 27371081 | D101: 57 | E101: 86 | F101: 63 | G101: 85 | H101: 39 | I101: 102 | J101: 159 | K101: JS | L101: WIZ
...

Sheet BTEST-512TH OCT 25
D1: BAKLIWAL TUTORIALS
D2: JEE-2027 MAINS BTEST-05 RESULT 12 OCTOBER 2025
D3: TOP 114 STUDENTS IN THE SUBJECT
D4: 115- 228 STUDENTS IN THE SUBJECT
D5: 229 - 342 STUDENTS IN THE SUBJECT
E6: MEDIAN MARKS | G6: 43 | I6: 47 | K6: 21 | M6: 114
E7: MAX | G7: 100 | I7: 100 | K7: 100 | M7: 300
D8: TOTAL RANK | E8: STUDENT NAME | F8: ROLL NO. | G8: PHY | H8: PHY RANK | I8: CHEM | J8: CHE RANK | K8: MATHS | L8: MATH RANK | M8: TOTAL | N8: BRANCH | O8: BATCH
D9: 1 | E9: KARTIK KULKARNI | F9: 27800404 | G9: 95 | H9: 1 | I9: 76 | J9: 25 | K9: 72 | L9: 3 | M9: 243 | N9: JS | O9: WOW
D10: 2 | E10: ISHAN PHADE | F10: 27353204 | G10: 78 | H10: 10 | I10: 92 | J10: 1 | K10: 71 | L10: 4 | M10: 241 | N10: PANDHARPUR
D11: 3 | E11: JAYRAJ HUGAR | F11: 27800405 | G11: 83 | H11: 4 | I11: 91 | J11: 3 | K11: 66 | L11: 6 | M11: 240 | N11: JS | O11: WOW
D12: 4 | E12: KETKI KULKARNI | F12: 27800409 | G12: 91 | H12: 2 | I12: 71 | J12: 48 | K12: 69 | L12: 5 | M12: 231 | N12: JS | O12: WOW
D13: 5 | E13: OJAS AKASH REPAL | F13: 26850028 | G13: 69 | H13: 25 | I13: 83 | J13: 15 | K13: 75 | L13: 1 | M13: 227 | N13: JS | O13: WOW
D14: 6 | E14: ANIMESH CHAVAN | F14: 27800403 | G14: 87 | H14: 3 | I14: 86 | J14: 12 | K14: 53 | L14: 19 | M14: 226 | N14: JS | O14: WOW
D15: 7 | E15: PIYUSH PAWAR | F15: 27800406 | G15: 76 | H15: 12 | I15: 86 | J15: 12 | K15: 59 | L15: 11 | M15: 221 | N15: JS
D16: 8 | E16: AKHILESH GAIKWAD | F16: 27800407 | G16: 70 | H16: 22 | I16: 76 | J16: 25 | K16: 74 | L16: 2 | M16: 220 | N16: JS | O16: WOW
D17: 9 | E17: PRAGUN VINEET RATHI | F17: 27343975 | G17: 83 | H17: 4 | I17: 82 | J17: 16 | K17: 53 | L17: 19 | M17: 218 | N17: JS | O17: WOW
D18: 10 | E18: HARSHVARDHAN CHOUDHARI | F18: 27338488 | G18: 79 | H18: 9 | I18: 82 | J18: 16 | K18: 56 | L18: 17 | M18: 217 | N18: JS | O18: WOW
D19: 11 | E19: ARNAV THITE | F19: 26850027 | G19: 69 | H19: 25 | I19: 87 | J19: 7 | K19: 60 | L19: 9 | M19: 216 | N19: PANDHARPUR
D20: 12 | E20: OJAS HUMNABADKAR | F20: 27800408 | G20: 81 | H20: 8 | I20: 87 | J20: 7 | K20: 48 | L20: 32 | M20: 216 | N20: JS | O20: WOW
D21: 13 | E21: VEDASHRI NAGNATH MUNGAPATIL | F21: 27377476 | G21: 67 | H21: 31 | I21: 77 | J21: 24 | K21: 64 | L21: 7 | M21: 208 | N21: AC
D22: 14 | E22: SUMIT ANNASAHEB TAKADE | F22: 27371780 | G22: 68 | H22: 27 | I22: 82 | J22: 16 | K22: 58 | L22: 14 | M22: 208 | N22: JS | O22: WOW
D23: 15 | E23: RAJDEEP KHANDU GAIKWAD | F23: 27343132 | G23: 83 | H23: 4 | I23: 74 | J23: 36 | K23: 50 | L23: 23 | M23: 207 | N23: JS | O23: WOW
D24: 16 | E24: VARAD MALANI | F24: 27194907 | G24: 73 | H24: 16 | I24: 81 | J24: 20 | K24: 48 | L24: 32 | M24: 202 | N24: JS | O24: WOW
D25: 17 | E25: SANKET SHIVAPUTRA BUKKANURE | F25: 27333715 | G25: 70 | H25: 22 | I25: 70 | J25: 51 | K25: 60 | L25: 9 | M25: 200 | N25: JS | O25: WOW
D26: 18 | E26: SURYAANSH SHRINIWAS CHIPPA | F26: 27363118 | G26: 72 | H26: 17 | I26: 92 | J26: 1 | K26: 36 | L26: 78 | M26: 200 | N26: HO | O26: WIZ
D27: 19 | E27: SHRAVNI ARVIND GIRAM | F27: 27337339 | G27: 78 | H27: 10 | I27: 68 | J27: 59 | K27: 50 | L27: 23 | M27: 196 | N27: JS | O27: WOW
D28: 20 | E28: ARYAN SACHIN BHOSALE | F28: 27358884 | G28: 72 | H28: 17 | I28: 86 | J28: 12 | K28: 37 | L28: 73 | M28: 195 | N28: JS | O28: WOW
D29: 21 | E29: GIRISH VITHAL NARANGKAR | F29: 27377063 | G29: 55 | H29: 87 | I29: 87 | J29: 7 | K29: 52 | L29: 21 | M29: 194 | N29: JS | O29: WOW
D30: 22 | E30: YATHARTH APPASAHEB PATIL | F30: 27344511 | G30: 53 | H30: 99 | I30: 91 | J30: 3 | K30: 47 | L30: 36 | M30: 191 | N30: JS | O30: WOW
D31: 23 | E31: SHREYA VIJAYKUMAR BIRADAR | F31: 27340955 | G31: 55 | H31: 87 | I31: 72 | J31: 43 | K31: 64 | L31: 7 | M31: 191 | N31: JS | O31: WOW
D32: 24 | E32: NEIL SHIVRAJ SHRIRAM | F32: 27380936 | G32: 53 | H32: 99 | I32: 87 | J32: 7 | K32: 48 | L32: 32 | M32: 188 | N32: HO | O32: WIZ
D33: 25 | E33: ANNAPURANA SHAILENDRA KANAKI | F33: 27361678 | G33: 52 | H33: 109 | I33: 87 | J33: 7 | K33: 49 | L33: 26 | M33: 188 | N33: AC
D34: 26 | E34: ARJUN RANJEET PATIL | F34: 27340819 | G34: 75 | H34: 14 | I34: 81 | J34: 20 | K34: 31 | L34: 105 | M34: 187 | N34: JS | O34: WOW
D35: 27 | E35: AKSHARA KOTHARI | F35: 27357834 | G35: 61 | H35: 54 | I35: 91 | J35: 3 | K35: 35 | L35: 89 | M35: 187 | N35: PANDHARPUR
D36: 28 | E36: AKSHATA SUDARSHAN KARAJGIKAR | F36: 27336079 | G36: 68 | H36: 27 | I36: 70 | J36: 51 | K36: 49 | L36: 26 | M36: 187 | N36: JS | O36: WOW
D37: 29 | E37: AVANTI ANIL JAGTAP | F37: 27346925 | G37: 72 | H37: 17 | I37: 68 | J37: 59 | K37: 47 | L37: 36 | M37: 187 | N37: JS | O37: WOW
D38: 30 | E38: TRISHA SHANKAR BHANDARI | F38: 27350345 | G38: 72 | H38: 17 | I38: 74 | J38: 36 | K38: 40 | L38: 60 | M38: 186 | N38: JS | O38: WOW
D39: 31 | E39: AISHWARJA BEHERA | F39: 27356474 | G39: 68 | H39: 27 | I39: 74 | J39: 36 | K39: 43 | L39: 46 | M39: 185 | N39: JS | O39: WOW
D40: 32 | E40: VEDIKA REVANSIDDHA ANDHALKAR | F40: 27380101 | G40: 66 | H40: 35 | I40: 76 | J40: 25 | K40: 43 | L40: 46 | M40: 185 | N40: JS | O40: WOW
D41: 33 | E41: KUNJAL MANIYAR | F41: 27353386 | G41: 83 | H41: 4 | I41: 75 | J41: 33 | K41: 25 | L41: 142 | M41: 183 | N41: PANDHARPUR
D42: 34 | E42: SATVIKA MORE | F42: 27800410 | G42: 59 | H42: 67 | I42: 76 | J42: 25 | K42: 46 | L42: 39 | M42: 181 | N42: JS | O42: WOW
D43: 35 | E43: ARUSH AJIT KULKARNI | F43: 27109976 | G43: 56 | H43: 82 | I43: 68 | J43: 59 | K43: 57 | L43: 16 | M43: 181 | N43: JS | O43: WOW
D44: 36 | E44: SHRAVNI VIJAY BHOSALE | F44: 27379233 | G44: 63 | H44: 45 | I44: 88 | J44: 6 | K44: 30 | L44: 114 | M44: 181 | N44: HO | O44: WIZ
D45: 37 | E45: MAYURI MANGESH SONAWANE | F45: 27377971 | G45: 63 | H45: 45 | I45: 67 | J45: 68 | K45: 49 | L45: 26 | M45: 179 | N45: JS | O45: WIZ
D46: 38 | E46: SANKET RAJENDRA MALLAD | F46: 27373074 | G46: 60 | H46: 59 | I46: 65 | J46: 79 | K46: 54 | L46: 18 | M46: 179 | N46: JS | O46: WIZ
D47: 39 | E47: AAMEYA DADPE | F47: 27800401 | G47: 52 | H47: 109 | I47: 67 | J47: 68 | K47: 59 | L47: 11 | M47: 178 | N47: JS | O47: WOW
D48: 40 | E48: ARYAN SADIGALE | F48: 27355192 | G48: 60 | H48: 59 | I48: 69 | J48: 53 | K48: 45 | L48: 44 | M48: 174 | N48: PANDHARPUR
D49: 41 | E49: OM KARAPE | F49: 27357610 | G49: 64 | H49: 42 | I49: 67 | J49: 68 | K49: 41 | L49: 56 | M49: 172 | N49: PANDHARPUR
D50: 42 | E50: VAISHNAVI ALAND | F50: 27347172 | G50: 67 | H50: 31 | I50: 72 | J50: 43 | K50: 37 | L50: 73 | M50: 176 | N50: JS | O50: WIZ
D51: 43 | E51: AVADHOOT KULKARNI | F51: 27361589 | G51: 62 | H51: 50 | I51: 75 | J51: 33 | K51: 35 | L51: 89 | M51: 172 | N51: JS | O51: WOW
D52: 44 | E52: ARYAN SHAMKUMAR DESHMUKH | F52: 27343303 | G52: 66 | H52: 35 | I52: 76 | J52: 25 | K52: 29 | L52: 119 | M52: 171 | N52: JS | O52: WOW
D53: 45 | E53: MADHAVI SATALINGAPPA DHODAMANI | F53: 27269367 | G53: 65 | H53: 40 | I53: 76 | J53: 25 | K53: 30 | L53: 114 | M53: 171 | N53: HO | O53: WIZ
D54: 46 | E54: HARSHADA SUSHILKUMAR EKBOTE | F54: 27360150 | G54: 59 | H54: 67 | I54: 81 | J54: 20 | K54: 30 | L54: 114 | M54: 170 | N54: AC
D55: 47 | E55: VARAD BHANDARKAWATHEKAR | F55: 27383780 | G55: 60 | H55: 59 | I55: 63 | J55: 81 | K55: 46 | L55: 39 | M55: 169 | N55: PANDHARPUR
D56: 48 | E56: ADESH SOPAN PARDE | F56: 27380580 | G56: 63 | H56: 45 | I56: 68 | J56: 59 | K56: 38 | L56: 68 | M56: 169 | N56: JS | O56: WIZ
D57: 49 | E57: PRATIK VILAS VALLAKATI | F57: 27367699 | G57: 61 | H57: 54 | I57: 55 | J57: 132 | K57: 52 | L57: 21 | M57: 168 | N57: AC
D58: 50 | E58: SRUSHTI RAJENDRA GHADAGE | F58: 27362786 | G58: 58 | H58: 72 | I58: 69 | J58: 53 | K58: 39 | L58: 66 | M58: 166 | N58: JS | O58: WOW
D59: 51 | E59: VAISHNAVI VAIBHAV MORE | F59: 27344697 | G59: 74 | H59: 15 | I59: 69 | J59: 53 | K59: 23 | L59: 156 | M59: 166 | N59: JS | O59: WOW
D60: 52 | E60: SHRUSHTI LAXMIDAS RABBA | F60: 27374600 | G60: 57 | H60: 77 | I60: 75 | J60: 33 | K60: 32 | L60: 100 | M60: 164 | N60: JS | O60: WIZ
D61: 53 | E61: OM ANIL ASNANI | F61: 27363602 | G61: 50 | H61: 119 | I61: 74 | J61: 36 | K61: 40 | L61: 60 | M61: 164 | N61: HO | O61: WIZ
D62: 54 | E62: VAISHNAVI JAYANT HOLEYPATIL | F62: 27354026 | G62: 54 | H62: 93 | I62: 62 | J62: 88 | K62: 46 | L62: 39 | M62: 162 | N62: JS | O62: WIZ
D63: 55 | E63: MUSADDIK MUBIN BAGWAN | F63: 27336135 | G63: 64 | H63: 42 | I63: 56 | J63: 124 | K63: 42 | L63: 51 | M63: 162 | N63: HO | O63: WIZ
D64: 56 | E64: RUSHIKESH KATKAR | F64: 27354220 | G64: 62 | H64: 50 | I64: 53 | J64: 144 | K64: 46 | L64: 39 | M64: 161 | N64: PANDHARPUR
D65: 57 | E65: ANSHULA MAHESH KSHIRSAGAR | F65: 27371691 | G65: 59 | H65: 67 | I65: 59 | J65: 107 | K65: 42 | L65: 51 | M65: 160 | N65: AC
D66: 58 | E66: ARYAN NALAWADE | F66: 27353485 | G66: 66 | H66: 35 | I66: 76 | J66: 25 | K66: 50 | L66: 23 | M66: 192 | N66: PANDHARPUR
D67: 59 | E67: PRAJAKTA SANTOSH SHELAR | F67: 27378341 | G67: 60 | H67: 59 | I67: 63 | J67: 81 | K67: 34 | L67: 95 | M67: 157 | N67: JS | O67: WOW
D68: 60 | E68: MAHVISH MOHAMMAD ASIF SHAIKH | F68: 27362434 | G68: 58 | H68: 72 | I68: 68 | J68: 59 | K68: 31 | L68: 105 | M68: 157 | N68: HO | O68: WIZ
D69: 61 | E69: NIVESH MAHESHKUMAR BABAR | F69: 27349008 | G69: 45 | H69: 152 | I69: 67 | J69: 68 | K69: 44 | L69: 45 | M69: 156 | N69: HO | O69: WIZ
D70: 62 | E70: KOMAL SATISH PEGADA | F70: 27361800 | G70: 42 | H70: 175 | I70: 73 | J70: 40 | K70: 41 | L70: 56 | M70: 156 | N70: AC
D71: 63 | E71: YATHARTH YADAV | F71: 27362914 | G71: 46 | H71: 145 | I71: 69 | J71: 53 | K71: 40 | L71: 60 | M71: 155 | N71: JS | O71: WOW
D72: 64 | E72: ANUJ MANOJ JADHAV | F72: 27372856 | G72: 65 | H72: 40 | I72: 63 | J72: 81 | K72: 26 | L72: 137 | M72: 154 | N72: JS | O72: WIZ
D73: 65 | E73: NAYAN | F73: 27356727 | G73: 55 | H73: 87 | I73: 51 | J73: 148 | K73: 48 | L73: 32 | M73: 154 | N73: HO | O73: WIZ
D74: 66 | E74: SOHAM KAVARE | F74: 27354850 | G74: 53 | H74: 99 | I74: 59 | J74: 107 | K74: 42 | L74: 51 | M74: 154 | N74: PANDHARPUR
D75: 67 | E75: SHIVSHARAN SANGALLE | F75: 27800400 | G75: 60 | H75: 59 | I75: 59 | J75: 107 | K75: 35 | L75: 89 | M75: 154 | N75: JS | O75: WIZ
D76: 68 | E76: MRUNALI SATISH BARAD | F76: 27373379 | G76: 52 | H76: 109 | I76: 61 | J76: 93 | K76: 41 | L76: 56 | M76: 154 | N76: HO | O76: WIZ
D77: 69 | E77: HARSHVARDHAN DHANANJAY LAMKANE | F77: 27367531 | G77: 58 | H77: 72 | I77: 56 | J77: 124 | K77: 40 | L77: 60 | M77: 154 | N77: HO | O77: COC
D78: 70 | E78: RUGWED RAMESH PATIL | F78: 27341275 | G78: 44 | H78: 157 | I78: 68 | J78: 59 | K78: 41 | L78: 56 | M78: 153 | N78: JS | O78: WOW
D79: 71 | E79: YASH SANTOSH BHAJIBHAKARE | F79: 27332994 | G79: 60 | H79: 59 | I79: 71 | J79: 48 | K79: 21 | L79: 171 | M79: 152 | N79: JS | O79: WIZ
D80: 72 | E80: SHAMIK SUBHASH GAIKWAD | F80: 27370076 | G80: 63 | H80: 45 | I80: 66 | J80: 75 | K80: 23 | L80: 156 | M80: 152 | N80: JS | O80: WOW
D81: 73 | E81: ATHARVA JAYPRAKASH TRIGULE | F81: 27356950 | G81: 48 | H81: 131 | I81: 61 | J81: 93 | K81: 42 | L81: 51 | M81: 151 | N81: JS | O81: WIZ
D82: 74 | E82: SIDDHANATH ABHAY JOSHI | F82: 27358357 | G82: 39 | H82: 190 | I82: 76 | J82: 25 | K82: 36 | L82: 78 | M82: 151 | N82: HO | O82: WIZ
D83: 75 | E83: SHREYA OGEPPA SONAGE | F83: 27371081 | G83: 53 | H83: 99 | I83: 61 | J83: 93 | K83: 36 | L83: 78 | M83: 150 | N83: JS | O83: WIZ
D84: 76 | E84: ONKAR GANDULE | F84: 27354926 | G84: 66 | H84: 35 | I84: 48 | J84: 162 | K84: 36 | L84: 78 | M84: 150 | N84: PANDHARPUR
D85: 77 | E85: SANSKAR NEELA | F85: 27379729 | G85: 62 | H85: 50 | I85: 66 | J85: 75 | K85: 22 | L85: 164 | M85: 150 | N85: JS | O85: COC
D86: 78 | E86: SHREYA ANIL ANKOLIKAR | F86: 27358598 | G86: 50 | H86: 119 | I86: 63 | J86: 81 | K86: 36 | L86: 78 | M86: 149 | N86: JS | O86: WOW
D87: 79 | E87: RAJNANDINI PRAVIN KALKOTE | F87: 27376929 | G87: 49 | H87: 127 | I87: 68 | J87: 59 | K87: 32 | L87: 100 | M87: 149 | N87: HO | O87: WIZ
D88: 80 | E88: NIHAL NADAF | F88: 27357543 | G88: 50 | H88: 119 | I88: 63 | J88: 81 | K88: 36 | L88: 78 | M88: 149 | N88: PANDHARPUR
D89: 81 | E89: PRATHEMESH BADAVE | F89: 27355088 | G89: 67 | H89: 31 | I89: 61 | J89: 93 | K89: 20 | L89: 180 | M89: 148 | N89: PANDHARPUR
D90: 82 | E90: SHAURYA BORGAVKAR | F90: 27374439 | G90: 62 | H90: 50 | I90: 57 | J90: 117 | K90: 29 | L90: 119 | M90: 148 | N90: PANDHARPUR
D91: 83 | E91: SHREYA CHITNIS | F91: 27352438 | G91: 56 | H91: 82 | I91: 67 | J91: 68 | K91: 25 | L91: 142 | M91: 148 | N91: PANDHARPUR
D92: 84 | E92: KOMAL SIDDARAMAYYA HIREMATH | F92: 27372161 | G92: 40 | H92: 186 | I92: 72 | J92: 43 | K92: 36 | L92: 78 | M92: 148 | N92: JS | O92: WIZ
D93: 85 | E93: AMIT SHANKAR DANDWALKAR | F93: 27365227 | G93: 40 | H93: 186 | I93: 68 | J93: 59 | K93: 40 | L93: 60 | M93: 148 | N93: HO | O93: COC
D94: 86 | E94: TANISHKA SHRIKANT MELGEPATIL | F94: 27350087 | G94: 39 | H94: 190 | I94: 73 | J94: 40 | K94: 36 | L94: 78 | M94: 148 | N94: HO | O94: WIZ
D95: 87 | E95: SARTHAK SAIKIRAN LOKARE | F95: 27362505 | G95: 61 | H95: 54 | I95: 57 | J95: 117 | K95: 29 | L95: 119 | M95: 147 | N95: JS | O95: WOW
D96: 88 | E96: SHUBHRA VILAS SARVADE | F96: 27358279 | G96: 76 | H96: 12 | I96: 34 | J96: 215 | K96: 37 | L96: 73 | M96: 147 | N96: JS | O96: WOW
D97: 89 | E97: AYUSH POMDHARNE | F97: 27353745 | G97: 70 | H97: 22 | I97: 40 | J97: 201 | K97: 36 | L97: 78 | M97: 146 | N97: PANDHARPUR
D98: 90 | E98: ATHARV ABHAYKUMAR SUPATE | F98: 27376701 | G98: 54 | H98: 93 | I98: 57 | J98: 117 | K98: 35 | L98: 89 | M98: 146 | N98: JS | O98: WIZ
D99: 91 | E99: MAYURESH DIPAK MALI | F99: 27360809 | G99: 68 | H99: 27 | I99: 55 | J99: 132 | K99: 23 | L99: 156 | M99: 146 | N99: JS | O99: WIZ
D100: 92 | E100: SHRUTI SHIVAJI KANHERE | F100: 27370128 | G100: 49 | H100: 127 | I100: 58 | J100: 115 | K100: 38 | L100: 68 | M100: 145 | N100: JS | O100: WIZ
...

Sheet BTEST-616TH NOV 25
A1: BAKLIWAL TUTORIALS
A2: JEE-2027 MAINS BTEST - 06 RESULT 16 NOVEMBER 2025
A3: TOP 112 STUDENTS IN THE SUBJECT
A4: 113 - 224 STUDENTS IN THE SUBJECT
A5: 225 - 337 STUDENTS IN THE SUBJECT
B6: MEDIAN MARKS | D6: 41 | F6: 46 | H6: 33 | J6: 120
B7: MAX | D7: 100 | F7: 100 | H7: 100 | J7: 300
A8: TOTAL RANK | B8: STUDENT NAME | C8: ROLL NO. | D8: PHY | E8: PHY RANK | F8: CHEM | G8: CHE RANK | H8: MATHS | I8: MATH RANK | J8: TOTAL | K8: BRANCH | L8: BATCH
A9: 1 | B9: KARTIK KULKARNI | C9: 27800404 | D9: 100 | E9: 1 | F9: 80 | G9: 18 | H9: 92 | I9: 1 | J9: 272 | K9: SOLAPUR | L9: WOW
A10: 2 | B10: JAYRAJ HUGAR | C10: 27800405 | D10: 88 | E10: 7 | F10: 96 | G10: 1 | H10: 83 | I10: 5 | J10: 267 | L10: WOW
A11: 3 | B11: SANKET SHIVAPUTRA BUKKANURE | C11: 27333715 | D11: 85 | E11: 10 | F11: 95 | G11: 2 | H11: 85 | I11: 4 | J11: 265 | K11: SOLAPUR | L11: WOW
A12: 4 | B12: ANIMESH CHAVAN | C12: 27800403 | D12: 91 | E12: 2 | F12: 90 | G12: 5 | H12: 83 | I12: 5 | J12: 264 | K12: SOLAPUR | L12: WOW
A13: 5 | B13: ISHAN PHADE | C13: 27353204 | D13: 91 | E13: 2 | F13: 91 | G13: 3 | H13: 78 | I13: 11 | J13: 260 | K13: PANDHARPUR
A14: 6 | B14: SUMIT ANNASAHEB TAKADE | C14: 27371780 | D14: 82 | E14: 15 | F14: 88 | G14: 7 | H14: 88 | I14: 3 | J14: 258 | K14: SOLAPUR | L14: WOW
A15: 7 | B15: KETKI KULKARNI | C15: 27800409 | D15: 76 | E15: 25 | F15: 86 | G15: 9 | H15: 92 | I15: 1 | J15: 254 | K15: SOLAPUR | L15: WOW
A16: 8 | B16: RAJDEEP KHANDU GAIKWAD | C16: 27343132 | D16: 81 | E16: 17 | F16: 91 | G16: 3 | H16: 79 | I16: 9 | J16: 251 | K16: SOLAPUR | L16: WOW
A17: 9 | B17: AKSHARA KOTHARI | C17: 27357834 | D17: 83 | E17: 13 | F17: 80 | G17: 18 | H17: 83 | I17: 5 | J17: 246 | K17: PANDHARPUR
A18: 10 | B18: ARYAN SHAMKUMAR DESHMUKH | C18: 27343303 | D18: 85 | E18: 10 | F18: 80 | G18: 18 | H18: 81 | I18: 8 | J18: 246 | K18: SOLAPUR | L18: WOW
A19: 11 | B19: PRAGUN VINEET RATHI | C19: 27343975 | D19: 86 | E19: 9 | F19: 90 | G19: 5 | H19: 69 | I19: 30 | J19: 245 | K19: SOLAPUR | L19: WOW
A20: 12 | B20: VEDIKA REVANSIDDHA ANDHALKAR | C20: 27380101 | D20: 81 | E20: 17 | F20: 86 | G20: 9 | H20: 75 | I20: 19 | J20: 242 | K20: SOLAPUR | L20: WOW
A21: 13 | B21: AKHILESH GAIKWAD | C21: 27800407 | D21: 78 | E21: 23 | F21: 83 | G21: 13 | H21: 78 | I21: 11 | J21: 239 | K21: SOLAPUR | L21: WOW
A22: 14 | B22: AVADHOOT KULKARNI | C22: 27361589 | D22: 90 | E22: 4 | F22: 85 | G22: 12 | H22: 62 | I22: 44 | J22: 237 | K22: SOLAPUR | L22: WOW
A23: 15 | B23: SATVIKA MORE | C23: 27800410 | D23: 82 | E23: 15 | F23: 75 | G23: 33 | H23: 79 | I23: 9 | J23: 236 | K23: SOLAPUR | L23: WOW
A24: 16 | B24: ARJUN RANJEET PATIL | C24: 27340819 | D24: 87 | E24: 8 | F24: 74 | G24: 35 | H24: 69 | I24: 30 | J24: 230 | K24: SOLAPUR | L24: WOW
A25: 17 | B25: SHREYA CHITNIS | C25: 27352438 | D25: 77 | E25: 24 | F25: 70 | G25: 52 | H25: 78 | I25: 11 | J25: 225 | K25: PANDHARPUR
A26: 18 | B26: AAMEYA DADPE | C26: 27800401 | D26: 74 | E26: 27 | F26: 73 | G26: 40 | H26: 78 | I26: 11 | J26: 225 | K26: SOLAPUR | L26: WOW
A27: 19 | B27: YATHARTH APPASAHEB PATIL | C27: 27344511 | D27: 85 | E27: 10 | F27: 81 | G27: 17 | H27: 58 | I27: 57 | J27: 224 | K27: SOLAPUR | L27: WOW
A28: 20 | B28: SHRAVNI ARVIND GIRAM | C28: 27337339 | D28: 68 | E28: 44 | F28: 86 | G28: 9 | H28: 68 | I28: 32 | J28: 222 | K28: SOLAPUR | L28: WOW
A29: 21 | B29: AKSHATA SUDARSHAN KARAJGIKAR | C29: 27336079 | D29: 80 | E29: 21 | F29: 80 | G29: 18 | H29: 62 | I29: 44 | J29: 222 | K29: SOLAPUR | L29: WOW
A30: 22 | B30: ARYAN SADIGALE | C30: 27355192 | D30: 90 | E30: 4 | F30: 70 | G30: 52 | H30: 60 | I30: 51 | J30: 220 | K30: PANDHARPUR
A31: 23 | B31: SHREYA VIJAYKUMAR BIRADAR | C31: 27340955 | D31: 66 | E31: 50 | F31: 80 | G31: 18 | H31: 72 | I31: 24 | J31: 218 | K31: SOLAPUR | L31: WOW
A32: 24 | B32: OJAS HUMNABADKAR | C32: 27800408 | D32: 81 | E32: 17 | F32: 78 | G32: 25 | H32: 58 | I32: 57 | J32: 217
A33: 25 | B33: ANANYA GOVIND ANAGUNDE | C33: 27339321 | D33: 67 | E33: 46 | F33: 75 | G33: 33 | H33: 74 | I33: 21 | J33: 216 | K33: SOLAPUR | L33: WOW
A34: 26 | B34: KUNJAL MANIYAR | C34: 27353386 | D34: 73 | E34: 29 | F34: 77 | G34: 30 | H34: 65 | I34: 36 | J34: 215 | K34: PANDHARPUR
A35: 27 | B35: ARNAV THITE | C35: 26850027 | D35: 83 | E35: 13 | F35: 78 | G35: 25 | H35: 53 | I35: 74 | J35: 214 | K35: PANDHARPUR
A36: 28 | B36: PIYUSH PAWAR | C36: 27800406 | D36: 65 | E36: 52 | F36: 73 | G36: 40 | H36: 75 | I36: 19 | J36: 213 | K36: SOLAPUR
A37: 29 | B37: ADESH SOPAN PARDE | C37: 27380580 | D37: 69 | E37: 40 | F37: 70 | G37: 52 | H37: 74 | I37: 21 | J37: 213 | K37: SOLAPUR | L37: WIZ
A38: 30 | B38: SRUSHTI RAJENDRA GHADAGE | C38: 27362786 | D38: 66 | E38: 50 | F38: 74 | G38: 35 | H38: 72 | I38: 24 | J38: 212 | K38: SOLAPUR | L38: WOW
A39: 31 | B39: OJAS AKASH REPAL | C39: 26850028 | D39: 64 | E39: 55 | F39: 72 | G39: 45 | H39: 76 | I39: 16 | J39: 212 | K39: SOLAPUR | L39: WOW
A40: 32 | B40: AMOL SIDDHARAM BHADANGE | C40: 27370899 | D40: 81 | E40: 17 | F40: 62 | G40: 83 | H40: 65 | I40: 36 | J40: 208 | K40: SOLAPUR | L40: WIZ
A41: 33 | B41: SURYAANSH SHRINIWAS CHIPPA | C41: 27363118 | D41: 58 | E41: 84 | F41: 83 | G41: 13 | H41: 66 | I41: 34 | J41: 207 | K41: SOLAPUR | L41: WIZ
A42: 34 | B42: SARTHAK KATEKAR | C42: 27357191 | D42: 72 | E42: 32 | F42: 73 | G42: 40 | H42: 61 | I42: 49 | J42: 206 | K42: PANDHARPUR
A43: 35 | B43: VAISHNAVI ALAND | C43: 27347172 | D43: 72 | E43: 32 | F43: 58 | G43: 100 | H43: 76 | I43: 16 | J43: 206 | K43: SOLAPUR | L43: WIZ
A44: 36 | B44: TRISHA SHANKAR BHANDARI | C44: 27350345 | D44: 70 | E44: 37 | F44: 70 | G44: 52 | H44: 65 | I44: 36 | J44: 205 | K44: SOLAPUR | L44: WOW
A45: 37 | B45: HARSHVARDHAN CHOUDHARI | C45: 27338488 | D45: 80 | E45: 21 | F45: 71 | G45: 48 | H45: 54 | I45: 69 | J45: 205 | K45: SOLAPUR | L45: WOW
A46: 38 | B46: VARAD MALANI | C46: 27194907 | D46: 51 | E46: 113 | F46: 72 | G46: 45 | H46: 78 | I46: 11 | J46: 201 | L46: WOW
A47: 39 | B47: ONKAR GANDULE | C47: 27354926 | D47: 68 | E47: 44 | F47: 62 | G47: 83 | H47: 70 | I47: 29 | J47: 200 | K47: PANDHARPUR
A48: 40 | B48: HARSHADA SUSHILKUMAR EKBOTE | C48: 27360150 | D48: 62 | E48: 62 | F48: 63 | G48: 78 | H48: 74 | I48: 21 | J48: 199 | K48: SOLAPUR
A49: 41 | B49: SNEHAL SANTOSH NARAYANKAR | C49: 27370456 | D49: 59 | E49: 81 | F49: 87 | G49: 8 | H49: 52 | I49: 78 | J49: 198 | K49: SOLAPUR | L49: WOW
A50: 42 | B50: MAYURI MANGESH SONAWANE | C50: 27377971 | D50: 71 | E50: 35 | F50: 56 | G50: 109 | H50: 71 | I50: 26 | J50: 198 | K50: SOLAPUR | L50: WIZ
A51: 43 | B51: RAJWARDHAN GUND | C51: 27356304 | D51: 70 | E51: 37 | F51: 74 | G51: 35 | H51: 53 | I51: 74 | J51: 197 | K51: PANDHARPUR
A52: 44 | B52: SAYALI MADALE | C52: 27800411 | D52: 64 | E52: 55 | F52: 72 | G52: 45 | H52: 60 | I52: 51 | J52: 196 | K52: SOLAPUR | L52: WOW
A53: 45 | B53: ARYAN SACHIN BHOSALE | C53: 27358884 | D53: 69 | E53: 40 | F53: 82 | G53: 15 | H53: 44 | I53: 102 | J53: 195 | K53: SOLAPUR | L53: WOW
A54: 46 | B54: AISHWARJA BEHERA | C54: 27356474 | D54: 44 | E54: 149 | F54: 74 | G54: 35 | H54: 76 | I54: 16 | J54: 194 | K54: SOLAPUR | L54: WOW
A55: 47 | B55: VIGHNESH ABHAY MALANG | C55: 27347562 | D55: 52 | E55: 106 | F55: 79 | G55: 23 | H55: 61 | I55: 49 | J55: 192 | K55: SOLAPUR
A56: 48 | B56: GIRISH VITHAL NARANGKAR | C56: 27377063 | D56: 72 | E56: 32 | F56: 63 | G56: 78 | H56: 57 | I56: 60 | J56: 192 | K56: SOLAPUR | L56: WOW
A57: 49 | B57: SAMRUDDHI RAJENDRAKUMAR KOLEKAR | C57: 27368316 | D57: 73 | E57: 29 | F57: 61 | G57: 91 | H57: 57 | I57: 60 | J57: 191 | K57: SOLAPUR | L57: WOW
A58: 50 | B58: NIHAL NADAF | C58: 27357543 | D58: 60 | E58: 75 | F58: 78 | G58: 25 | H58: 52 | I58: 78 | J58: 190 | K58: PANDHARPUR
A59: 51 | B59: VAISHNAVI VAIBHAV MORE | C59: 27344697 | D59: 73 | E59: 29 | F59: 56 | G59: 109 | H59: 60 | I59: 51 | J59: 189 | K59: SOLAPUR | L59: WOW
A60: 52 | B60: SNEHA YADAV | C60: 27355233 | D60: 64 | E60: 55 | F60: 62 | G60: 83 | H60: 62 | I60: 44 | J60: 188 | K60: PANDHARPUR
A61: 53 | B61: YATHARTH YADAV | C61: 27362914 | D61: 59 | E61: 81 | F61: 58 | G61: 100 | H61: 71 | I61: 26 | J61: 188 | K61: SOLAPUR | L61: WOW
A62: 54 | B62: PRATHEMESH BADAVE | C62: 27355088 | D62: 90 | E62: 4 | F62: 55 | G62: 118 | H62: 42 | I62: 109 | J62: 187 | K62: PANDHARPUR
A63: 55 | B63: MADHAVI SATALINGAPPA DHODAMANI | C63: 27269367 | D63: 67 | E63: 46 | F63: 78 | G63: 25 | H63: 40 | I63: 118 | J63: 185 | K63: SOLAPUR | L63: WIZ
A64: 56 | B64: PRAJAKTA SANTOSH SHELAR | C64: 27378341 | D64: 69 | E64: 40 | F64: 78 | G64: 25 | H64: 38 | I64: 131 | J64: 185 | K64: SOLAPUR | L64: WOW
A65: 57 | B65: SHRUTI SHIVAJI KANHERE | C65: 27370128 | D65: 69 | E65: 40 | F65: 63 | G65: 78 | H65: 53 | I65: 74 | J65: 185 | K65: SOLAPUR | L65: WIZ
A66: 58 | B66: SHREYA ANIL ANKOLIKAR | C66: 27358598 | D66: 60 | E66: 75 | F66: 59 | G66: 96 | H66: 65 | I66: 36 | J66: 184 | K66: SOLAPUR | L66: WOW
A67: 59 | B67: ARUSH AJIT KULKARNI | C67: 27109976 | D67: 48 | E67: 122 | F67: 63 | G67: 78 | H67: 71 | I67: 26 | J67: 182 | K67: SOLAPUR | L67: WOW
A68: 60 | B68: SHAMIK SUBHASH GAIKWAD | C68: 27370076 | D68: 58 | E68: 84 | F68: 54 | G68: 127 | H68: 68 | I68: 32 | J68: 180 | K68: SOLAPUR | L68: WOW
A69: 61 | B69: SAMARTH PARANNA BIRAJDAR | C69: 27372566 | D69: 75 | E69: 26 | F69: 50 | G69: 146 | H69: 54 | I69: 69 | J69: 179 | K69: SOLAPUR | L69: WIZ
A70: 62 | B70: VINAYAK ASHWIN PAWAR | C70: 27337465 | D70: 57 | E70: 89 | F70: 71 | G70: 48 | H70: 51 | I70: 81 | J70: 179 | K70: SOLAPUR | L70: WOW
A71: 63 | B71: AYUSH POMDHARNE | C71: 27353745 | D71: 60 | E71: 75 | F71: 62 | G71: 83 | H71: 56 | I71: 64 | J71: 178
A72: 64 | B72: OM VIJAY RAJMANE | C72: 27354612 | D72: 67 | E72: 46 | F72: 54 | G72: 127 | H72: 55 | I72: 66 | J72: 176 | K72: PANDHARPUR
A73: 65 | B73: ARYAN NALAWADE | C73: 27353485 | D73: 64 | E73: 55 | F73: 71 | G73: 48 | H73: 40 | I73: 118 | J73: 175 | K73: PANDHARPUR
A74: 66 | B74: SHREYASH KORE | C74: 27353597 | D74: 70 | E74: 37 | F74: 45 | G74: 176 | H74: 60 | I74: 51 | J74: 175 | K74: PANDHARPUR
A75: 67 | B75: PRADYUMN DESHMUKH | C75: 27353065 | D75: 62 | E75: 62 | F75: 62 | G75: 83 | H75: 50 | I75: 83 | J75: 174 | K75: PANDHARPUR
A76: 68 | B76: PRATIK MHAMANE | C76: 27349683 | D76: 64 | E76: 55 | F76: 60 | G76: 94 | H76: 50 | I76: 83 | J76: 174 | K76: SOLAPUR | L76: WIZ
A77: 69 | B77: SHAURYA BORGAVKAR | C77: 27374439 | D77: 65 | E77: 52 | F77: 62 | G77: 83 | H77: 46 | I77: 96 | J77: 173 | K77: PANDHARPUR
A78: 70 | B78: MAHIR DEEPAK PATEL | C78: 27343230 | D78: 61 | E78: 72 | F78: 70 | G78: 52 | H78: 41 | I78: 114 | J78: 172 | K78: SOLAPUR | L78: WIZ
A79: 71 | B79: PRATIK VILAS VALLAKATI | C79: 27367699 | D79: 56 | E79: 93 | F79: 52 | G79: 134 | H79: 63 | I79: 42 | J79: 171 | K79: SOLAPUR
A80: 72 | B80: SARTHAK SAIKIRAN LOKARE | C80: 27362505 | D80: 53 | E80: 99 | F80: 55 | G80: 118 | H80: 63 | I80: 42 | J80: 171 | K80: SOLAPUR | L80: WOW
A81: 73 | B81: ANNAPURANA SHAILENDRA KANAKI | C81: 27361678 | D81: 62 | E81: 62 | F81: 73 | G81: 40 | H81: 35 | I81: 150 | J81: 170 | K81: SOLAPUR
A82: 74 | B82: RUSHIKESH KATKAR | C82: 27354220 | D82: 56 | E82: 93 | F82: 65 | G82: 68 | H82: 49 | I82: 89 | J82: 170 | K82: PANDHARPUR
A83: 75 | B83: MUSADDIK MUBIN BAGWAN | C83: 27336135 | D83: 58 | E83: 84 | F83: 50 | G83: 146 | H83: 62 | I83: 44 | J83: 170 | K83: SOLAPUR | L83: WIZ
A84: 76 | B84: SAMIKSHA VIJAYSINH CHOBE | C84: 27360251 | D84: 45 | E84: 142 | F84: 65 | G84: 68 | H84: 59 | I84: 55 | J84: 169 | K84: SOLAPUR | L84: WIZ
A85: 77 | B85: SHRIYASH JADHAV | C85: 27358636 | D85: 52 | E85: 106 | F85: 82 | G85: 15 | H85: 35 | I85: 150 | J85: 169 | K85: PANDHARPUR
A86: 78 | B86: NEIL SHIVRAJ SHRIRAM | C86: 27380936 | D86: 55 | E86: 97 | F86: 56 | G86: 109 | H86: 56 | I86: 64 | J86: 167 | K86: SOLAPUR | L86: WIZ
A87: 79 | B87: KOMAL SIDDARAMAYYA HIREMATH | C87: 27372161 | D87: 50 | E87: 116 | F87: 58 | G87: 100 | H87: 58 | I87: 57 | J87: 166 | K87: SOLAPUR | L87: WIZ
A88: 80 | B88: SHRUTI RAVIKUMAR MANGRULE | C88: 27373601 | D88: 58 | E88: 84 | F88: 64 | G88: 72 | H88: 44 | I88: 102 | J88: 166 | K88: SOLAPUR | L88: WOW
A89: 81 | B89: ATHARVA ASHISH JAWALKAR | C89: 27359538 | D89: 56 | E89: 93 | F89: 79 | G89: 23 | H89: 30 | I89: 180 | J89: 165 | K89: SOLAPUR | L89: WOW
A90: 82 | B90: SHREYA VASTRE | C90: 27384882 | D90: 44 | E90: 149 | F90: 55 | G90: 118 | H90: 66 | I90: 34 | J90: 165
A91: 83 | B91: SHRAVNI VIJAY BHOSALE | C91: 27379233 | D91: 62 | E91: 62 | F91: 58 | G91: 100 | H91: 43 | I91: 107 | J91: 163 | K91: SOLAPUR | L91: WIZ
A92: 84 | B92: HARSH MANKAR | C92: 25800427 | D92: 44 | E92: 149 | F92: 77 | G92: 30 | H92: 41 | I92: 114 | J92: 162
A93: 85 | B93: SNEHA PAWAR | C93: 27353823 | D93: 51 | E93: 113 | F93: 57 | G93: 106 | H93: 54 | I93: 69 | J93: 162 | K93: PANDHARPUR
A94: 86 | B94: VAISHNAV PUNYAWANT DHUMAL | C94: 27800172 | D94: 61 | E94: 72 | F94: 36 | G94: 227 | H94: 64 | I94: 41 | J94: 161 | K94: SOLAPUR | L94: WIZ
A95: 87 | B95: AMRUTA BHAJIBHAKARE | C95: 27369414 | D95: 60 | E95: 75 | F95: 64 | G95: 72 | H95: 37 | I95: 136 | J95: 161 | K95: SOLAPUR | L95: WIZ
A96: 88 | B96: KRUTIKA BANKAPURE | C96: 27336986 | D96: 46 | E96: 136 | F96: 62 | G96: 83 | H96: 52 | I96: 78 | J96: 160 | K96: SOLAPUR | L96: WIZ
A97: 89 | B97: SANYUKTA VASANT PATIL | C97: 27378902 | D97: 48 | E97: 122 | F97: 47 | G97: 161 | H97: 65 | I97: 36 | J97: 160 | K97: SOLAPUR | L97: WIZ
A98: 90 | B98: ANSHULA MAHESH KSHIRSAGAR | C98: 27371691 | D98: 50 | E98: 116 | F98: 66 | G98: 64 | H98: 42 | I98: 109 | J98: 158 | K98: SOLAPUR
A99: 91 | B99: ATHARVA RAGHVENDRA KARAJGIKAR | C99: 27337884 | D99: 53 | E99: 99 | F99: 64 | G99: 72 | H99: 40 | I99: 118 | J99: 157 | K99: SOLAPUR | L99: WIZ
A100: 92 | B100: VAISHNAVI JAYANT HOLEYPATIL | C100: 27354026 | D100: 45 | E100: 142 | F100: 73 | G100: 40 | H100: 39 | I100: 125 | J100: 157 | K100: SOLAPUR | L100: WIZ
...

Sheet GRAND TEST-213TH DEC 25
A1: BAKLIWAL TUTORIALS
A2: JEE-2027 MAINS GRAND TEST - 02 RESULT 13TH DECEMBER 2025
A3: TOP 115 STUDENTS IN THE SUBJECT
A4: 116 - 230 STUDENTS IN THE SUBJECT
A5: 231 - 345 STUDENTS IN THE SUBJECT
B6: MEDIAN MARKS | D6: 41 | F6: 40 | H6: 22 | J6: 105
B7: MAX | D7: 100 | F7: 100 | H7: 100 | J7: 300
A8: TOTAL RANK | B8: STUDENT NAME | C8: ROLL NO. | D8: PHY | E8: PHY RANK | F8: CHEM | G8: CHE RANK | H8: MATHS | I8: MATH RANK | J8: TOTAL | K8: BRANCH | L8: BATCH
A9: 1 | B9: ISHAN PHADE | C9: 27353204 | D9: 81 | E9: 3 | F9: 91 | G9: 2 | H9: 72 | I9: 3 | J9: 244 | K9: PANDHARPUR
A10: 2 | B10: KARTIK KULKARNI | C10: 27800404 | D10: 85 | E10: 1 | F10: 82 | G10: 9 | H10: 69 | I10: 7 | J10: 236 | K10: JS | L10: WOW
A11: 3 | B11: AKHILESH GAIKWAD | C11: 27800407 | D11: 77 | E11: 7 | F11: 85 | G11: 7 | H11: 68 | I11: 8 | J11: 230 | K11: JS | L11: WOW
A12: 4 | B12: JAYRAJ HUGAR | C12: 27800405 | D12: 77 | E12: 7 | F12: 91 | G12: 2 | H12: 61 | I12: 16 | J12: 229 | K12: JS | L12: WOW
A13: 5 | B13: SANKET SHIVAPUTRA BUKKANURE | C13: 27333715 | D13: 75 | E13: 12 | F13: 80 | G13: 14 | H13: 71 | I13: 5 | J13: 226 | K13: JS | L13: WOW
A14: 6 | B14: PRAGUN VINEET RATHI | C14: 27343975 | D14: 78 | E14: 6 | F14: 81 | G14: 12 | H14: 65 | I14: 12 | J14: 224 | K14: JS | L14: WOW
A15: 7 | B15: RAJDEEP KHANDU GAIKWAD | C15: 27343132 | D15: 81 | E15: 3 | F15: 79 | G15: 16 | H15: 64 | I15: 15 | J15: 224 | K15: JS | L15: WOW
A16: 8 | B16: SHRAVNI ARVIND GIRAM | C16: 27337339 | D16: 74 | E16: 13 | F16: 83 | G16: 8 | H16: 65 | I16: 12 | J16: 222 | K16: JS | L16: WOW
A17: 9 | B17: YATHARTH APPASAHEB PATIL | C17: 27344511 | D17: 71 | E17: 28 | F17: 81 | G17: 12 | H17: 68 | I17: 8 | J17: 220 | K17: JS | L17: WOW
A18: 10 | B18: KETKI KULKARNI | C18: 27800409 | D18: 76 | E18: 11 | F18: 78 | G18: 18 | H18: 65 | I18: 12 | J18: 219 | K18: JS | L18: WOW
A19: 11 | B19: SUMIT ANNASAHEB TAKADE | C19: 27371780 | D19: 73 | E19: 16 | F19: 78 | G19: 18 | H19: 67 | I19: 10 | J19: 218 | K19: JS | L19: WOW
A20: 12 | B20: ANIMESH CHAVAN | C20: 27800403 | D20: 71 | E20: 28 | F20: 87 | G20: 6 | H20: 58 | I20: 19 | J20: 216 | K20: JS | L20: WOW
A21: 13 | B21: OJAS HUMNABADKAR | C21: 27800408 | D21: 65 | E21: 56 | F21: 76 | G21: 24 | H21: 73 | I21: 2 | J21: 214 | K21: JS | L21: WOW
A22: 14 | B22: ARNAV THITE | C22: 26850027 | D22: 73 | E22: 16 | F22: 88 | G22: 5 | H22: 51 | I22: 34 | J22: 212 | K22: PANDHARPUR
A23: 15 | B23: SURYAANSH SHRINIWAS CHIPPA | C23: 27363118 | D23: 73 | E23: 16 | F23: 69 | G23: 46 | H23: 67 | I23: 10 | J23: 209 | K23: HO | L23: WIZ
A24: 16 | B24: GIRISH VITHAL NARANGKAR | C24: 27377063 | D24: 77 | E24: 7 | F24: 76 | G24: 24 | H24: 53 | I24: 28 | J24: 206 | K24: JS | L24: WOW
A25: 17 | B25: ARYAN SHAMKUMAR DESHMUKH | C25: 27343303 | D25: 70 | E25: 36 | F25: 82 | G25: 9 | H25: 52 | I25: 31 | J25: 204 | K25: JS | L25: WOW
A26: 18 | B26: VEDIKA REVANSIDDHA ANDHALKAR | C26: 27380101 | D26: 63 | E26: 62 | F26: 92 | G26: 1 | H26: 48 | I26: 47 | J26: 203 | K26: JS | L26: WOW
A27: 19 | B27: PRATHEMESH BADAVE | C27: 27355088 | D27: 62 | E27: 68 | F27: 91 | G27: 2 | H27: 49 | I27: 41 | J27: 202 | K27: PANDHARPUR
A28: 20 | B28: SHAURYA BORGAVKAR | C28: 27374439 | D28: 71 | E28: 28 | F28: 77 | G28: 22 | H28: 54 | I28: 25 | J28: 202 | K28: PANDHARPUR
A29: 21 | B29: AKSHATA SUDARSHAN KARAJGIKAR | C29: 27336079 | D29: 68 | E29: 42 | F29: 73 | G29: 39 | H29: 60 | I29: 17 | J29: 201 | K29: JS | L29: WOW
A30: 22 | B30: OJAS AKASH REPAL | C30: 26850028 | D30: 58 | E30: 91 | F30: 82 | G30: 9 | H30: 60 | I30: 17 | J30: 200 | K30: JS | L30: WOW
A31: 23 | B31: PIYUSH PAWAR | C31: 27800406 | D31: 63 | E31: 62 | F31: 65 | G31: 65 | H31: 72 | I31: 3 | J31: 200 | K31: JS
A32: 24 | B32: SHREYA ANIL ANKOLIKAR | C32: 27358598 | D32: 63 | E32: 62 | F32: 64 | G32: 66 | H32: 70 | I32: 6 | J32: 197 | K32: JS | L32: WOW
A33: 25 | B33: AKSHARA KOTHARI | C33: 27357834 | D33: 73 | E33: 16 | F33: 76 | G33: 24 | H33: 48 | I33: 47 | J33: 197 | K33: PANDHARPUR
A34: 26 | B34: AVADHOOT KULKARNI | C34: 27361589 | D34: 71 | E34: 28 | F34: 75 | G34: 30 | H34: 50 | I34: 38 | J34: 196 | K34: JS | L34: WOW
A35: 27 | B35: VARAD MALANI | C35: 27194907 | D35: 62 | E35: 68 | F35: 75 | G35: 30 | H35: 57 | I35: 21 | J35: 194 | K35: JS | L35: WOW
A36: 28 | B36: YATHARTH YADAV | C36: 27362914 | D36: 71 | E36: 28 | F36: 78 | G36: 18 | H36: 44 | I36: 67 | J36: 193 | K36: JS | L36: WOW
A37: 29 | B37: HARSHADA SUSHILKUMAR EKBOTE | C37: 27360150 | D37: 72 | E37: 23 | F37: 68 | G37: 50 | H37: 51 | I37: 34 | J37: 191 | K37: AC
A38: 30 | B38: ARUSH AJIT KULKARNI | C38: 27109976 | D38: 61 | E38: 74 | F38: 71 | G38: 44 | H38: 57 | I38: 21 | J38: 189 | K38: JS | L38: WOW
A39: 31 | B39: VAISHNAVI VAIBHAV MORE | C39: 27344697 | D39: 73 | E39: 16 | F39: 69 | G39: 46 | H39: 47 | I39: 52 | J39: 189 | K39: JS | L39: WOW
A40: 32 | B40: TRISHA SHANKAR BHANDARI | C40: 27350345 | D40: 73 | E40: 16 | F40: 68 | G40: 50 | H40: 47 | I40: 52 | J40: 188 | K40: JS | L40: WOW
A41: 33 | B41: MADHAVI SATALINGAPPA DHODAMANI | C41: 27269367 | D41: 72 | E41: 23 | F41: 67 | G41: 56 | H41: 49 | I41: 41 | J41: 188 | K41: HO | L41: WIZ
A42: 34 | B42: SNEHAL SANTOSH NARAYANKAR | C42: 27370456 | D42: 71 | E42: 28 | F42: 80 | G42: 14 | H42: 37 | I42: 87 | J42: 188 | K42: JS | L42: WOW
A43: 35 | B43: ANSHULA MAHESH KSHIRSAGAR | C43: 27371691 | D43: 61 | E43: 74 | F43: 74 | G43: 35 | H43: 53 | I43: 28 | J43: 188 | K43: AC
A44: 36 | B44: SHREYA CHITNIS | C44: 27352438 | D44: 68 | E44: 42 | F44: 68 | G44: 50 | H44: 51 | I44: 34 | J44: 187 | K44: PANDHARPUR
A45: 37 | B45: ARJUN RANJEET PATIL | C45: 27340819 | D45: 71 | E45: 28 | F45: 67 | G45: 56 | H45: 49 | I45: 41 | J45: 187 | K45: JS | L45: WOW
A46: 38 | B46: SATVIKA MORE | C46: 27800410 | D46: 72 | E46: 23 | F46: 76 | G46: 24 | H46: 39 | I46: 80 | J46: 187 | K46: JS | L46: WOW
A47: 39 | B47: SHAMIK SUBHASH GAIKWAD | C47: 27370076 | D47: 74 | E47: 13 | F47: 59 | G47: 81 | H47: 54 | I47: 25 | J47: 187 | K47: JS | L47: WOW
A48: 40 | B48: HARSHIT SANTOSHKUMAR THAKUR | C48: 27378713 | D48: 77 | E48: 7 | F48: 61 | G48: 74 | H48: 46 | I48: 59 | J48: 184 | K48: JS | L48: WIZ
A49: 41 | B49: NEIL SHIVRAJ SHRIRAM | C49: 27380936 | D49: 58 | E49: 91 | F49: 73 | G49: 39 | H49: 52 | I49: 31 | J49: 183 | K49: HO | L49: WIZ
A50: 42 | B50: VIGHNESH ABHAY MALANG | C50: 27347562 | D50: 63 | E50: 62 | F50: 68 | G50: 50 | H50: 51 | I50: 34 | J50: 182 | K50: AC
A51: 43 | B51: VAISHNAVI ALAND | C51: 27347172 | D51: 70 | E51: 36 | F51: 58 | G51: 84 | H51: 53 | I51: 28 | J51: 181 | K51: JS | L51: WIZ
A52: 44 | B52: HARSHVARDHAN CHOUDHARI | C52: 27338488 | D52: 68 | E52: 42 | F52: 68 | G52: 50 | H52: 45 | I52: 61 | J52: 181 | K52: JS | L52: WOW
A53: 45 | B53: PRATIK MHAMANE | C53: 27349683 | D53: 62 | E53: 68 | F53: 79 | G53: 16 | H53: 40 | I53: 76 | J53: 181 | K53: HO | L53: WIZ
A54: 46 | B54: SHRAVNI VIJAY BHOSALE | C54: 27379233 | D54: 70 | E54: 36 | F54: 75 | G54: 30 | H54: 33 | I54: 105 | J54: 178 | K54: HO | L54: WIZ
A55: 47 | B55: PALLAVI PARSHURAM KOLI | C55: 27369945 | D55: 66 | E55: 52 | F55: 55 | G55: 98 | H55: 57 | I55: 21 | J55: 178 | K55: JS | L55: WIZ
A56: 48 | B56: SHREYA VIJAYKUMAR BIRADAR | C56: 27340955 | D56: 73 | E56: 16 | F56: 69 | G56: 46 | H56: 35 | I56: 98 | J56: 177 | K56: JS | L56: WOW
A57: 49 | B57: SRUSHTI RAJENDRA GHADAGE | C57: 27362786 | D57: 53 | E57: 111 | F57: 69 | G57: 46 | H57: 54 | I57: 25 | J57: 176 | K57: JS | L57: WOW
A58: 50 | B58: KUNJAL MANIYAR | C58: 27353386 | D58: 60 | E58: 79 | F58: 77 | G58: 22 | H58: 37 | I58: 87 | J58: 174
A59: 51 | B59: SAYALI MADALE | C59: 27800411 | D59: 59 | E59: 85 | F59: 70 | G59: 45 | H59: 45 | I59: 61 | J59: 174 | K59: JS | L59: WOW
A60: 52 | B60: YASH SANTOSH BHAJIBHAKARE | C60: 27332994 | D60: 67 | E60: 49 | F60: 74 | G60: 35 | H60: 33 | I60: 105 | J60: 174 | K60: JS | L60: WIZ
A61: 53 | B61: VEDASHRI NAGNATH MUNGAPATIL | C61: 27377476 | D61: 46 | E61: 147 | F61: 76 | G61: 24 | H61: 52 | I61: 31 | J61: 174 | K61: AC
A62: 54 | B62: PRATIK VILAS VALLAKATI | C62: 27367699 | D62: 60 | E62: 79 | F62: 66 | G62: 62 | H62: 45 | I62: 61 | J62: 171 | K62: AC
A63: 55 | B63: AKSHARA GOPAL PAWAR | C63: 27340553 | D63: 60 | E63: 79 | F63: 61 | G63: 74 | H63: 50 | I63: 38 | J63: 171 | K63: HO | L63: WIZ
A64: 56 | B64: ARYAN SACHIN BHOSALE | C64: 27358884 | D64: 64 | E64: 60 | F64: 67 | G64: 56 | H64: 39 | I64: 80 | J64: 170 | K64: JS | L64: WOW
A65: 57 | B65: HARSHVARDHAN DHANANJAY LAMKANE | C65: 27367531 | D65: 56 | E65: 99 | F65: 66 | G65: 62 | H65: 46 | I65: 59 | J65: 168 | K65: HO | L65: COC
A66: 58 | B66: ARYAN SADIGALE | C66: 27355192 | D66: 70 | E66: 36 | F66: 40 | G66: 170 | H66: 58 | I66: 19 | J66: 168 | K66: PANDHARPUR
A67: 59 | B67: RUGWED RAMESH PATIL | C67: 27341275 | D67: 47 | E67: 139 | F67: 74 | G67: 35 | H67: 47 | I67: 52 | J67: 168 | K67: JS | L67: WOW
A68: 60 | B68: ADESH SOPAN PARDE | C68: 27380580 | D68: 70 | E68: 36 | F68: 43 | G68: 150 | H68: 55 | I68: 24 | J68: 168 | K68: JS | L68: WIZ
A69: 61 | B69: SANYUKTA VASANT PATIL | C69: 27378902 | D69: 60 | E69: 79 | F69: 59 | G69: 81 | H69: 48 | I69: 47 | J69: 167 | K69: JS | L69: WIZ
A70: 62 | B70: SHIVSHARAN SANGALLE | C70: 27800400 | D70: 66 | E70: 52 | F70: 57 | G70: 89 | H70: 44 | I70: 67 | J70: 167 | K70: JS | L70: WIZ
A71: 63 | B71: PRAJAKTA SANTOSH SHELAR | C71: 27378341 | D71: 54 | E71: 105 | F71: 63 | G71: 70 | H71: 49 | I71: 41 | J71: 166 | K71: JS | L71: WOW
A72: 64 | B72: VAISHNAVI JAYANT HOLEYPATIL | C72: 27354026 | D72: 71 | E72: 28 | F72: 78 | G72: 18 | H72: 17 | I72: 197 | J72: 166 | K72: JS | L72: WIZ
A73: 65 | B73: MAHVISH MOHAMMAD ASIF SHAIKH | C73: 27362434 | D73: 58 | E73: 91 | F73: 68 | G73: 50 | H73: 40 | I73: 76 | J73: 166 | K73: HO | L73: WIZ
A74: 66 | B74: VINAYAK ASHWIN PAWAR | C74: 27337465 | D74: 68 | E74: 42 | F74: 56 | G74: 93 | H74: 41 | I74: 73 | J74: 165 | K74: JS | L74: WOW
A75: 67 | B75: MAYURI MANGESH SONAWANE | C75: 27377971 | D75: 82 | E75: 2 | F75: 47 | G75: 134 | H75: 36 | I75: 92 | J75: 165 | K75: JS | L75: WIZ
A76: 68 | B76: SHREYASH KORE | C76: 27353597 | D76: 10 | E76: 319 | F76: 76 | G76: 24 | H76: 78 | I76: 1 | J76: 164 | K76: PANDHARPUR
A77: 69 | B77: AISHWARJA BEHERA | C77: 27356474 | D77: 79 | E77: 5 | F77: 47 | G77: 134 | H77: 38 | I77: 85 | J77: 164 | K77: JS | L77: WOW
A78: 70 | B78: SHREYA VASTRE | C78: 27384882 | D78: 61 | E78: 74 | F78: 58 | G78: 84 | H78: 45 | I78: 61 | J78: 164 | K78: HO | L78: WIZ
A79: 71 | B79: AMOL SIDDHARAM BHADANGE | C79: 27370899 | D79: 66 | E79: 52 | F79: 56 | G79: 93 | H79: 40 | I79: 76 | J79: 162 | K79: JS | L79: WIZ
A80: 72 | B80: OM NARENDRA SUPEKAR | C80: 27383900 | D80: 70 | E80: 36 | F80: 53 | G80: 110 | H80: 37 | I80: 87 | J80: 160 | K80: PANDHARPUR
A81: 73 | B81: AVANTI ANIL JAGTAP | C81: 27346925 | D81: 53 | E81: 111 | F81: 64 | G81: 66 | H81: 41 | I81: 73 | J81: 158 | K81: JS | L81: WOW
A82: 74 | B82: SARTHAK KATEKAR | C82: 27357191 | D82: 61 | E82: 74 | F82: 75 | G82: 30 | H82: 22 | I82: 169 | J82: 158 | K82: PANDHARPUR
A83: 75 | B83: VARSHA RAJKUMAR BIRAJDAR | C83: 27357457 | D83: 58 | E83: 91 | F83: 74 | G83: 35 | H83: 25 | I83: 147 | J83: 157 | K83: HO | L83: WIZ
A84: 76 | B84: ATHARVA ASHISH JAWALKAR | C84: 27359538 | D84: 65 | E84: 56 | F84: 67 | G84: 56 | H84: 24 | I84: 154 | J84: 156 | K84: JS | L84: WOW
A85: 77 | B85: OM ANIL ASNANI | C85: 27363602 | D85: 59 | E85: 85 | F85: 56 | G85: 93 | H85: 41 | I85: 73 | J85: 156 | K85: HO | L85: WIZ
A86: 78 | B86: SAMARTH PARANNA BIRAJDAR | C86: 27372566 | D86: 59 | E86: 85 | F86: 61 | G86: 74 | H86: 34 | I86: 99 | J86: 154 | K86: JS | L86: WIZ
A87: 79 | B87: SHRUTI SHIVAJI KANHERE | C87: 27370128 | D87: 59 | E87: 85 | F87: 50 | G87: 121 | H87: 44 | I87: 67 | J87: 153 | K87: JS | L87: WIZ
A88: 80 | B88: SHRIJEET BHOSALE | C88: 27384156 | D88: 62 | E88: 68 | F88: 55 | G88: 98 | H88: 36 | I88: 92 | J88: 153 | K88: HO | L88: COC
A89: 81 | B89: APOORV PRAVIN KOTMIRE | C89: 27350246 | D89: 63 | E89: 62 | F89: 42 | G89: 158 | H89: 47 | I89: 52 | J89: 152 | K89: HO | L89: WIZ
A90: 82 | B90: VAISHNAV PUNYAWANT DHUMAL | C90: 27800172 | D90: 68 | E90: 42 | F90: 47 | G90: 134 | H90: 36 | I90: 92 | J90: 151 | K90: JS | L90: WIZ
A91: 83 | B91: NIVESH MAHESHKUMAR BABAR | C91: 27349008 | D91: 46 | E91: 147 | F91: 58 | G91: 84 | H91: 47 | I91: 52 | J91: 151 | K91: HO | L91: WIZ
A92: 84 | B92: PRANJALI AMOL POTDAR | C92: 27376618 | D92: 60 | E92: 79 | F92: 42 | G92: 158 | H92: 47 | I92: 52 | J92: 149 | K92: JS | L92: WIZ
A93: 85 | B93: ANSHUMAN LAXMAN UPADE | C93: 27360971 | D93: 59 | E93: 85 | F93: 40 | G93: 170 | H93: 50 | I93: 38 | J93: 149 | K93: JS | L93: COC
A94: 86 | B94: TEJAS AMAR SONTAKALE | C94: 27337104 | D94: 62 | E94: 68 | F94: 63 | G94: 70 | H94: 24 | I94: 154 | J94: 149 | K94: HO | L94: WIZ
... A96: 88 | B96: GAYATRI BHAGYAWAN LOKHANDE | C96: 27338093 | D96: 47 | E96: 139 | F96: 54 | G96: 107 | H96: 47 | I96: 52 | J96: 148 | K96: HO | L96: WIZ
A97: 89 | B97: ANNAPURANA SHAILENDRA KANAKI | C97: 27361678 | D97: 49 | E97: 130 | F97: 72 | G97: 42 | H97: 27 | I97: 131 | J97: 148 | K97: AC
A98: 90 | B98: SNEHA YADAV | C98: 27355233 | D98: 62 | E98: 68 | F98: 45 | G98: 146 | H98: 40 | I98: 76 | J98: 147 | K98: PANDHARPUR
A99: 91 | B99: KOMAL SATISH PEGADA | C99: 27361800 | D99: 42 | E99: 166 | F99: 72 | G99: 42 | H99: 33 | I99: 105 | J99: 147 | K99: AC
A100: 92 | B100: TANISHKA SHRIKANT MELGEPATIL | C100: 27350087 | D100: 56 | E100: 99 | F100: 55 | G100: 98 | H100: 34 | I100: 99 | J100: 145 | K100: HO | L100: WIZ
A101: 93 | B101: SAMIKSHA VIJAYSINH CHOBE | C101: 27360251 | D101: 47 | E101: 139 | F101: 56 | G101: 93 | H101: 42 | I101: 72 | J101: 145 | K101: HO | L101: WIZ
...

Sheet BRTEST-128 DEC 25
A1: BAKLIWAL TUTORIALS
A2: JEE - 2027 BRTEST - 01 (CET FORMAT) RESULT 28 DECEMBER 2025
A3: TOP 99 STUDENT IN THE SUBJECT
A4: 100 -198 STUDENT IN THE SUBJECT
A5: 199 - 297 STUDENT IN THE SUBJECT
B6: MEDIAN MARKS | D6: 21 | F6: 24 | H6: 72 | J6: 91
B7: MAX | D7: 50 | F7: 50 | H7: 100 | J7: 200
A8: TOTAL RANK | B8: STUDENT NAME | C8: ROLL NO | D8: PHY | E8: PHY RANK | F8: CHEM | G8: CHE RANK | H8: MATHS | I8: MATH RANK | J8: TOTAL | K8: BRANCH | L8: BATCH
A9: 1 | B9: KETKI KULKARNI | C9: 23000010 | D9: 42 | E9: 7 | F9: 49 | G9: 1 | H9: 90 | I9: 3 | J9: 181 | K9: JS | L9: =VLOOKUP(C9,Sheet20!$C$2:$D$279,2,0) -> WOW
A10: 2 | B10: ANIMESH CHAVAN | C10: 23000004 | D10: 44 | E10: 1 | F10: 40 | G10: 6 | H10: 92 | I10: 1 | J10: 176 | K10: JS | L10: =VLOOKUP(C10,Sheet20!$C$2:$D$279,2,0) -> WOW
A11: 3 | B11: SANKET SHIVAPUTRA BUKKANURE | C11: 27333715 | D11: 36 | E11: 22 | F11: 43 | G11: 2 | H11: 90 | I11: 3 | J11: 169 | K11: JS | L11: =VLOOKUP(C11,Sheet20!$C$2:$D$279,2,0) -> WOW
A12: 4 | B12: RAJDEEP KHANDU GAIKWAD | C12: 27343132 | D12: 44 | E12: 1 | F12: 32 | G12: 37 | H12: 92 | I12: 1 | J12: 168 | K12: JS | L12: =VLOOKUP(C12,Sheet20!$C$2:$D$279,2,0) -> WOW
A13: 5 | B13: PIYUSH PAWAR | C13: 25800415 | D13: 40 | E13: 10 | F13: 39 | G13: 9 | H13: 88 | I13: 7 | J13: 167 | K13: JS | L13: =VLOOKUP(C13,Sheet20!$C$2:$D$279,2,0) -> WIZ
A14: 6 | B14: PRATHEMESH BADAVE | C14: 27355088 | D14: 43 | E14: 5 | F14: 42 | G14: 3 | H14: 80 | I14: 20 | J14: 165 | K14: PANDHARPUR | L14: =VLOOKUP(C14,Sheet20!$C$2:$D$279,2,0) -> #N/A
A15: 7 | B15: JAYRAJ HUGAR | C15: 23000008 | D15: 38 | E15: 15 | F15: 35 | G15: 19 | H15: 90 | I15: 3 | J15: 163 | K15: JS | L15: =VLOOKUP(C15,Sheet20!$C$2:$D$279,2,0) -> WOW
A16: 8 | B16: KARTIK KULKARNI | C16: 23000009 | D16: 43 | E16: 5 | F16: 34 | G16: 27 | H16: 86 | I16: 8 | J16: 163 | K16: JS | L16: =VLOOKUP(C16,Sheet20!$C$2:$D$279,2,0) -> WOW
A17: 9 | B17: OJAS HUMNABADKAR | C17: 25800325 | D17: 44 | E17: 1 | F17: 36 | G17: 15 | H17: 82 | I17: 16 | J17: 162 | K17: JS | L17: =VLOOKUP(C17,Sheet20!$C$2:$D$279,2,0) -> WOW
A18: 10 | B18: SATVIKA MORE | C18: 23000017 | D18: 39 | E18: 11 | F18: 39 | G18: 9 | H18: 82 | I18: 16 | J18: 160 | K18: JS | L18: =VLOOKUP(C18,Sheet20!$C$2:$D$279,2,0) -> WOW
A19: 11 | B19: YATHARTH APPASAHEB PATIL | C19: 27344511 | D19: 33 | E19: 34 | F19: 41 | G19: 5 | H19: 86 | I19: 8 | J19: 160 | K19: JS | L19: =VLOOKUP(C19,Sheet20!$C$2:$D$279,2,0) -> WOW
A20: 12 | B20: VEDIKA REVANSIDDHA ANDHALKAR | C20: 27380101 | D20: 32 | E20: 45 | F20: 34 | G20: 27 | H20: 90 | I20: 3 | J20: 156 | K20: JS | L20: =VLOOKUP(C20,Sheet20!$C$2:$D$279,2,0) -> WOW
... A83: 75 | B83: SARTHAK KATEKAR | C83: 27357191 | D83: 27 | E83: 87 | F83: 25 | G83: 113 | H83: 66 | I83: 76 | J83: 118 | K83: PANDHARPUR | L83: =VLOOKUP(C83,Sheet20!$C$2:$D$279,2,0) -> #N/A
A84: 76 | B84: KUNJAL MANIYAR | C84: 27353386 | D84: 28 | E84: 78 | F84: 31 | G84: 44 | H84: 58 | I84: 115 | J84: 117 | L84: =VLOOKUP(C84,Sheet20!$C$2:$D$279,2,0) -> #N/A
A85: 77 | B85: SIDDHANATH ABHAY JOSHI | C85: 27358357 | D85: 26 | E85: 97 | F85: 29 | G85: 65 | H85: 62 | I85: 94 | J85: 117 | K85: HO | L85: =VLOOKUP(C85,Sheet20!$C$2:$D$279,2,0) -> WIZ
A86: 78 | B86: MAHIR DEEPAK PATEL | C86: 27343230 | D86: 27 | E86: 87 | F86: 32 | G86: 37 | H86: 58 | I86: 115 | J86: 117 | K86: HO | L86: =VLOOKUP(C86,Sheet20!$C$2:$D$279,2,0) -> WIZ
A87: 79 | B87: TANVI MILIND DOL | C87: 27361453 | D87: 23 | E87: 132 | F87: 30 | G87: 54 | H87: 64 | I87: 84 | J87: 117 | K87: HO | L87: =VLOOKUP(C87,Sheet20!$C$2:$D$279,2,0) -> WIZ
A88: 80 | B88: SHAMIK SUBHASH GAIKWAD | C88: 27370076 | D88: 30 | E88: 64 | F88: 25 | G88: 113 | H88: 62 | I88: 94 | J88: 117 | K88: JS | L88: =VLOOKUP(C88,Sheet20!$C$2:$D$279,2,0) -> WIZ
A89: 81 | B89: SHRIYASH JADHAV | C89: 27358636 | D89: 28 | E89: 78 | F89: 34 | G89: 27 | H89: 54 | I89: 138 | J89: 116 | K89: PANDHARPUR | L89: =VLOOKUP(C89,Sheet20!$C$2:$D$279,2,0) -> #N/A
A90: 82 | B90: ADITYA SHINDE | C90: 27355555 | D90: 22 | E90: 144 | F90: 22 | G90: 149 | H90: 72 | I90: 42 | J90: 116 | K90: PANDHARPUR | L90: =VLOOKUP(C90,Sheet20!$C$2:$D$279,2,0) -> #N/A
A91: 83 | B91: VAISHNAVI JAYANT HOLEYPATIL | C91: 27354026 | D91: 23 | E91: 132 | F91: 25 | G91: 113 | H91: 68 | I91: 60 | J91: 116 | K91: JS | L91: =VLOOKUP(C91,Sheet20!$C$2:$D$279,2,0) -> WIZ
A92: 84 | B92: SHIVSHARAN SANGALLE | C92: 23000018 | D92: 30 | E92: 64 | F92: 30 | G92: 54 | H92: 56 | I92: 127 | J92: 116 | K92: JS | L92: =VLOOKUP(C92,Sheet20!$C$2:$D$279,2,0) -> WIZ
A93: 85 | B93: VIRAJ SACHIN PATIL | C93: 27340125 | D93: 23 | E93: 132 | F93: 25 | G93: 113 | H93: 68 | I93: 60 | J93: 116 | K93: JS | L93: =VLOOKUP(C93,Sheet20!$C$2:$D$279,2,0) -> WIZ
A94: 86 | B94: VINAYAK ASHWIN PAWAR | C94: 27337465 | D94: 18 | E94: 210 | F94: 22 | G94: 149 | H94: 76 | I94: 30 | J94: 116 | K94: JS | L94: =VLOOKUP(C94,Sheet20!$C$2:$D$279,2,0) -> WIZ
A95: 87 | B95: SHRAVNI VIJAY BHOSALE | C95: 27379233 | D95: 15 | E95: 254 | F95: 30 | G95: 54 | H95: 70 | I95: 51 | J95: 115 | K95: JS | L95: =VLOOKUP(C95,Sheet20!$C$2:$D$279,2,0) -> WIZ
A96: 88 | B96: SHIVANI MAYUR WAGHMODE | C96: 27356628 | D96: 29 | E96: 70 | F96: 27 | G96: 83 | H96: 58 | I96: 115 | J96: 114 | K96: AC | L96: =VLOOKUP(C96,Sheet20!$C$2:$D$279,2,0) -> #N/A
... A343: 335 | B343: SAI RAMDAS MALACHE | C343: 27359484 | D343: 7 | E343: 333 | F343: 8 | G343: 321 | H343: 14 | I343: 334 | J343: 29 | K343: HO | L343: =VLOOKUP(C343,Sheet20!$C$2:$D$279,2,0) -> COC
A344: STUDENTS WHOSE NAMES ARE NOT IN RANK LIST,WERE ABSENT FOR THE TEST

Sheet BTEST711TH JAN 26
A1: BAKLIWAL TUTORIALS
A2: JEE-2027 MAINS BTEST - 07 RESULT 11 JANUARY 2026
A3: TOP 107 STUDENTS IN THE SUBJECT
A4: 108 - 214 STUDENTS IN THE SUBJECT
A5: 215 - 322 STUDENTS IN THE SUBJECT
B6: MEDIAN MARKS | D6: 27 | F6: 36 | H6: 30.5 | J6: 88.5
B7: MAX | D7: 100 | F7: 100 | H7: 100 | J7: 300
A8: TOTAL RANK | B8: STUDENT NAME | C8: ROLL NO. | D8: PHY | E8: PHY RANK | F8: CHEM | G8: CHE RANK | H8: MATHS | I8: MATH RANK | J8: TOTAL | K8: BRANCH | L8: BATCH
A9: 1 | B9: KETKI KULKARNI | C9: 23000010 | D9: 78 | E9: 5 | F9: 88 | G9: 1 | H9: 78 | I9: 2 | J9: 244 | K9: JS | L9: WOW
A10: 2 | B10: ISHAN PHADE | C10: 27353204 | D10: 79 | E10: 2 | F10: 81 | G10: 3 | H10: 69 | I10: 5 | J10: 229 | K10: PANDHARPUR
A11: 3 | B11: KARTIK KULKARNI | C11: 23000009 | D11: 80 | E11: 1 | F11: 76 | G11: 8 | H11: 68 | I11: 8 | J11: 224 | K11: JS | L11: WOW
A12: 4 | B12: OJAS HUMNABADKAR | C12: 25800325 | D12: 60 | E12: 26 | F12: 86 | G12: 2 | H12: 68 | I12: 8 | J12: 214 | K12: JS | L12: WOW
A13: 5 | B13: SHREYASH KORE | C13: 27353597 | D13: 70 | E13: 11 | F13: 54 | G13: 69 | H13: 86 | I13: 1 | J13: 210 | K13: PANDHARPUR
A14: 6 | B14: JAYRAJ HUGAR | C14: 23000008 | D14: 73 | E14: 7 | F14: 76 | G14: 8 | H14: 57 | I14: 27 | J14: 206 | K14: JS | L14: WOW
A15: 7 | B15: TRISHA SHANKAR BHANDARI | C15: 27350345 | D15: 70 | E15: 11 | F15: 75 | G15: 10 | H15: 57 | I15: 27 | J15: 202 | K15: JS | L15: WOW
A16: 8 | B16: SUMIT ANNASAHEB TAKADE | C16: 27371780 | D16: 75 | E16: 6 | F16: 54 | G16: 69 | H16: 71 | I16: 4 | J16: 200 | K16: JS | L16: WOW
A17: 9 | B17: OJAS AKASH REPAL | C17: 26850028 | D17: 66 | E17: 15 | F17: 78 | G17: 5 | H17: 56 | I17: 31 | J17: 200 | K17: JS | L17: WOW
A18: 10 | B18: VEDIKA REVANSIDDHA ANDHALKAR | C18: 27380101 | D18: 64 | E18: 21 | F18: 64 | G18: 30 | H18: 69 | I18: 5 | J18: 197 | K18: JS | L18: WOW
A19: 11 | B19: SATVIKA MORE | C19: 23000017 | D19: 73 | E19: 7 | F19: 75 | G19: 10 | H19: 47 | I19: 65 | J19: 195 | K19: JS | L19: WOW
A20: 12 | B20: PRATHEMESH BADAVE | C20: 27355088 | D20: 67 | E20: 13 | F20: 59 | G20: 40 | H20: 69 | I20: 5 | J20: 195 | K20: PANDHARPUR
A21: 13 | B21: ARNAV THITE | C21: 26850027 | D21: 79 | E21: 2 | F21: 59 | G21: 40 | H21: 56 | I21: 31 | J21: 194 | K21: JS | L21: WOW
A22: 14 | B22: ARYAN SHAMKUMAR DESHMUKH | C22: 27343303 | D22: 66 | E22: 15 | F22: 61 | G22: 35 | H22: 61 | I22: 20 | J22: 188 | K22: JS | L22: WOW
A23: 15 | B23: SHRIJIT BHOSALE | C23: 27384156 | D23: 58 | E23: 29 | F23: 78 | G23: 5 | H23: 51 | I23: 52 | J23: 187 | K23: HO | L23: WIZ
A24: 16 | B24: PRAGUN VINEET RATHI | C24: 27343975 | D24: 67 | E24: 13 | F24: 53 | G24: 75 | H24: 64 | I24: 15 | J24: 184 | K24: JS | L24: WOW
A25: 17 | B25: VAISHNAVI ALAND | C25: 27347172 | D25: 45 | E25: 74 | F25: 71 | G25: 15 | H25: 68 | I25: 8 | J25: 184 | K25: JS | L25: WOW
A26: 18 | B26: SANKET SHIVAPUTRA BUKKANURE | C26: 27333715 | D26: 72 | E26: 9 | F26: 56 | G26: 59 | H26: 56 | I26: 31 | J26: 184 | K26: JS | L26: WOW
A27: 19 | B27: SURYAANSH SHRINIWAS CHIPPA | C27: 27363118 | D27: 57 | E27: 33 | F27: 67 | G27: 24 | H27: 59 | I27: 21 | J27: 183 | K27: HO
A28: 20 | B28: ANIMESH CHAVAN | C28: 23000004 | D28: 71 | E28: 10 | F28: 63 | G28: 31 | H28: 48 | I28: 61 | J28: 182 | K28: JS | L28: WOW
A29: 21 | B29: SHREYA VIJAYKUMAR BIRADAR | C29: 27340955 | D29: 50 | E29: 55 | F29: 78 | G29: 5 | H29: 54 | I29: 40 | J29: 182 | K29: JS | L29: WOW
A30: 22 | B30: SHRUTI SHIVAJI KANHERE | C30: 27370128 | D30: 65 | E30: 19 | F30: 52 | G30: 82 | H30: 64 | I30: 15 | J30: 181 | K30: JS | L30: WIZ
A31: 23 | B31: ARYAN NALAWADE | C31: 27353485 | D31: 48 | E31: 63 | F31: 66 | G31: 26 | H31: 67 | I31: 12 | J31: 181 | K31: PANDHARPUR
A32: 24 | B32: VAISHNAVI VAIBHAV MORE | C32: 27344697 | D32: 51 | E32: 50 | F32: 70 | G32: 17 | H32: 59 | I32: 21 | J32: 180 | K32: JS | L32: WOW
A33: 25 | B33: PIYUSH PAWAR | C33: 25800415 | D33: 42 | E33: 90 | F33: 72 | G33: 14 | H33: 64 | I33: 15 | J33: 178 | K33: JS | L33: WOW
A34: 26 | B34: ANANYA GOVIND ANAGUNDE | C34: 27339321 | D34: 55 | E34: 38 | F34: 67 | G34: 24 | H34: 55 | I34: 37 | J34: 177 | K34: JS | L34: WIZ
A35: 27 | B35: PRATIK VILAS VALLAKATI | C35: 27367699 | D35: 60 | E35: 26 | F35: 60 | G35: 36 | H35: 57 | I35: 27 | J35: 177 | K35: AC
A36: 28 | B36: ADESH SOPAN PARDE | C36: 27380580 | D36: 79 | E36: 2 | F36: 42 | G36: 130 | H36: 55 | I36: 37 | J36: 176 | K36: JS | L36: WOW
A37: 29 | B37: YATHARTH APPASAHEB PATIL | C37: 27344511 | D37: 56 | E37: 36 | F37: 54 | G37: 69 | H37: 65 | I37: 14 | J37: 175 | K37: JS | L37: WOW
A38: 30 | B38: SHREYA CHITNIS | C38: 27352438 | D38: 52 | E38: 46 | F38: 68 | G38: 22 | H38: 53 | I38: 43 | J38: 173 | K38: PANDHARPUR
A39: 31 | B39: SAMRUDDHI RAJENDRAKUMAR KOLEKAR | C39: 27368316 | D39: 44 | E39: 81 | F39: 54 | G39: 69 | H39: 72 | I39: 3 | J39: 170 | K39: JS | L39: WIZ
A40: 32 | B40: SARTHAK KATEKAR | C40: 27357191 | D40: 61 | E40: 25 | F40: 53 | G40: 75 | H40: 54 | I40: 40 | J40: 168 | K40: PANDHARPUR
A41: 33 | B41: AKSHATA SUDARSHAN KARAJGIKAR | C41: 27336079 | D41: 54 | E41: 42 | F41: 68 | G41: 22 | H41: 46 | I41: 69 | J41: 168 | K41: JS | L41: WOW
A42: 34 | B42: YATHARTH YADAV | C42: 27362914 | D42: 60 | E42: 26 | F42: 59 | G42: 40 | H42: 49 | I42: 59 | J42: 168 | K42: JS | L42: WOW
A43: 35 | B43: VEDASHRI NAGNATH MUNGAPATIL | C43: 27377476 | D43: 52 | E43: 46 | F43: 58 | G43: 48 | H43: 58 | I43: 25 | J43: 168 | K43: AC
A44: 36 | B44: ARJUN RANJEET PATIL | C44: 27340819 | D44: 58 | E44: 29 | F44: 47 | G44: 107 | H44: 62 | I44: 19 | J44: 167 | K44: JS | L44: WOW
A45: 37 | B45: AKHILESH GAIKWAD | C45: 25800203 | D45: 56 | E45: 36 | F45: 70 | G45: 17 | H45: 40 | I45: 105 | J45: 166 | K45: JS | L45: WOW
A46: 38 | B46: AISHWARJA BEHERA | C46: 27356474 | D46: 47 | E46: 67 | F46: 59 | G46: 40 | H46: 59 | I46: 21 | J46: 165 | K46: JS | L46: WOW
A47: 39 | B47: AKSHARA KOTHARI | C47: 27357834 | D47: 48 | E47: 63 | F47: 48 | G47: 99 | H47: 68 | I47: 8 | J47: 164 | K47: PANDHARPUR
A48: 40 | B48: AVADHOOT KULKARNI | C48: 27361589 | D48: 64 | E48: 21 | F48: 50 | G48: 91 | H48: 50 | I48: 56 | J48: 164 | K48: JS | L48: WOW
A49: 41 | B49: SHRAVNI ARVIND GIRAM | C49: 27337339 | D49: 66 | E49: 15 | F49: 42 | G49: 130 | H49: 56 | I49: 31 | J49: 164 | K49: JS | L49: WOW
A50: 42 | B50: SHAURYA BORGAVKAR | C50: 27374439 | D50: 55 | E50: 38 | F50: 50 | G50: 91 | H50: 58 | I50: 25 | J50: 163 | K50: PANDHARPUR
A51: 43 | B51: PALLAVI PARSHURAM KOLI | C51: 27369945 | D51: 45 | E51: 74 | F51: 55 | G51: 66 | H51: 63 | I51: 18 | J51: 163 | K51: JS | L51: WIZ
A52: 44 | B52: RUGWED RAMESH PATIL | C52: 27341275 | D52: 66 | E52: 15 | F52: 53 | G52: 75 | H52: 43 | I52: 83 | J52: 162 | K52: JS | L52: WIZ
A53: 45 | B53: ANSHULA MAHESH KSHIRSAGAR | C53: 27371691 | D53: 36 | E53: 110 | F53: 70 | G53: 17 | H53: 56 | I53: 31 | J53: 162 | K53: AC
A54: 46 | B54: RAJDEEP KHANDU GAIKWAD | C54: 27343132 | D54: 62 | E54: 23 | F54: 56 | G54: 59 | H54: 41 | I54: 100 | J54: 159 | K54: JS | L54: WOW
A55: 47 | B55: VAISHNAV PUNYAWANT DHUMAL | C55: 27800172 | D55: 55 | E55: 38 | F55: 60 | G55: 36 | H55: 44 | I55: 78 | J55: 159 | K55: JS | L55: WIZ
A56: 48 | B56: OM KARAPE | C56: 27357610 | D56: 49 | E56: 59 | F56: 42 | G56: 130 | H56: 67 | I56: 12 | J56: 158 | K56: PANDHARPUR
A57: 49 | B57: HARSHWARDHAN DNYANESHWAR BABAR | C57: 27374819 | D57: 51 | E57: 50 | F57: 54 | G57: 69 | H57: 52 | I57: 47 | J57: 157 | K57: JS | L57: WIZ
A58: 50 | B58: MADHAVI SATALINGAPPA DHODAMANI | C58: 27269367 | D58: 51 | E58: 50 | F58: 63 | G58: 31 | H58: 43 | I58: 83 | J58: 157 | K58: JS | L58: WOW
A59: 51 | B59: AAMEYA DADPE | C59: 23000002 | D59: 57 | E59: 33 | F59: 57 | G59: 50 | H59: 43 | I59: 83 | J59: 157 | K59: JS | L59: WOW
A60: 52 | B60: ANNAPURANA SHAILENDRA KANAKI | C60: 27361678 | D60: 58 | E60: 29 | F60: 71 | G60: 15 | H60: 28 | I60: 175 | J60: 157 | K60: AC
A61: 53 | B61: ATHARVA ASHISH JAWALKAR | C61: 27359538 | D61: 62 | E61: 23 | F61: 48 | G61: 99 | H61: 47 | I61: 65 | J61: 157 | K61: JS | L61: WIZ
A62: 54 | B62: KOMAL SATISH PEGADA | C62: 27361800 | D62: 43 | E62: 85 | F62: 60 | G62: 36 | H62: 53 | I62: 43 | J62: 156 | K62: AC
A63: 55 | B63: VARAD MALANI | C63: 27194907 | D63: 54 | E63: 42 | F63: 48 | G63: 99 | H63: 52 | I63: 47 | J63: 154 | K63: JS | L63: WOW
A64: 56 | B64: OM NARENDRA SUPEKAR | C64: 27383900 | D64: 40 | E64: 99 | F64: 80 | G64: 4 | H64: 34 | I64: 144 | J64: 154 | K64: PANDHARPUR
A65: 57 | B65: HARSHVARDHAN CHOUDHARI | C65: 27338488 | D65: 42 | E65: 90 | F65: 55 | G65: 66 | H65: 56 | I65: 31 | J65: 153 | K65: JS | L65: WOW
A66: 58 | B66: GIRISH VITHAL NARANGKAR | C66: 27377063 | D66: 57 | E66: 33 | F66: 48 | G66: 99 | H66: 48 | I66: 61 | J66: 153 | K66: JS | L66: WOW
A67: 59 | B67: AMRUTA BHAJIBHAKARE | C67: 27369414 | D67: 41 | E67: 96 | F67: 69 | G67: 21 | H67: 40 | I67: 105 | J67: 150 | K67: JS | L67: WIZ
A68: 60 | B68: SHRUTI RAVIKUMAR MANGRULE | C68: 27373601 | D68: 49 | E68: 59 | F68: 48 | G68: 99 | H68: 53 | I68: 43 | J68: 150 | K68: JS | L68: WIZ
A69: 61 | B69: SHIVANI MAYUR WAGHMODE | C69: 27356628 | D69: 65 | E69: 19 | F69: 42 | G69: 130 | H69: 42 | I69: 93 | J69: 149 | K69: AC
A70: 62 | B70: ATHARVA RAGHVENDRA KARAJGIKAR | C70: 27337884 | D70: 48 | E70: 63 | F70: 51 | G70: 87 | H70: 48 | I70: 61 | J70: 147 | K70: JS | L70: WIZ
A71: 63 | B71: HARSHVARDHAN DHANANJAY LAMKANE | C71: 27367531 | D71: 33 | E71: 124 | F71: 60 | G71: 36 | H71: 52 | I71: 47 | J71: 145 | K71: HO | L71: WIZ
A72: 64 | B72: PRAJAKTA SANTOSH SHELAR | C72: 27378341 | D72: 52 | E72: 46 | F72: 38 | G72: 150 | H72: 54 | I72: 40 | J72: 144 | K72: JS | L72: WOW
A73: 65 | B73: SHUBHRA VILAS SARVADE | C73: 27358279 | D73: 26 | E73: 165 | F73: 63 | G73: 31 | H73: 55 | I73: 37 | J73: 144 | K73: JS | L73: WIZ
A74: 66 | B74: NEIL SHIVRAJ SHRIRAM | C74: 27380936 | D74: 35 | E74: 118 | F74: 57 | G74: 50 | H74: 50 | I74: 56 | J74: 142 | K74: JS | L74: WOW
A75: 67 | B75: SAYALI MADALE | C75: 23000024 | D75: 44 | E75: 81 | F75: 56 | G75: 59 | H75: 42 | I75: 93 | J75: 142 | K75: JS | L75: WOW
A76: 68 | B76: ARUSH AJIT KULKARNI | C76: 27109976 | D76: 52 | E76: 46 | F76: 46 | G76: 112 | H76: 42 | I76: 93 | J76: 140 | K76: JS | L76: WOW
A77: 69 | B77: HARSHADA SUSHILKUMAR EKBOTE | C77: 27360150 | D77: 35 | E77: 118 | F77: 45 | G77: 119 | H77: 59 | I77: 21 | J77: 139 | K77: AC
A78: 70 | B78: SHIVSHARAN SANGALLE | C78: 23000018 | D78: 55 | E78: 38 | F78: 47 | G78: 107 | H78: 36 | I78: 132 | J78: 138 | K78: JS | L78: WIZ
A79: 71 | B79: SHRAVNI VIJAY BHOSALE | C79: 27379233 | D79: 47 | E79: 67 | F79: 52 | G79: 82 | H79: 39 | I79: 114 | J79: 138 | K79: JS | L79: WOW
A80: 72 | B80: DHANUSH HARSHVARDHAN SALAGALA | C80: 27379642 | D80: 50 | E80: 55 | F80: 56 | G80: 59 | H80: 31 | I80: 158 | J80: 137 | K80: JS | L80: WIZ
A81: 73 | B81: ARYAN SACHIN BHOSALE | C81: 27358884 | D81: 36 | E81: 110 | F81: 49 | G81: 93 | H81: 52 | I81: 47 | J81: 137 | K81: JS | L81: WOW
A82: 74 | B82: MAHIR DEEPAK PATEL | C82: 27343230 | D82: 45 | E82: 74 | F82: 59 | G82: 40 | H82: 32 | I82: 154 | J82: 136 | K82: HO | L82: WIZ
A83: 75 | B83: TEJAS SURESH HIPPARGI | C83: 27337511 | D83: 45 | E83: 74 | F83: 48 | G83: 99 | H83: 43 | I83: 83 | J83: 136 | K83: JS | L83: WIZ
A84: 76 | B84: KRUTIKA BANKAPURE | C84: 27336986 | D84: 45 | E84: 74 | F84: 52 | G84: 82 | H84: 39 | I84: 114 | J84: 136 | K84: JS | L84: WIZ
A85: 77 | B85: SHUBHAM SHEKAPPA BELLE | C85: 27379009 | D85: 43 | E85: 85 | F85: 55 | G85: 66 | H85: 37 | I85: 126 | J85: 135 | K85: JS | L85: WIZ
A86: 78 | B86: SHREYA VASTRE | C86: 27384882 | D86: 27 | E86: 159 | F86: 62 | G86: 34 | H86: 45 | I86: 72 | J86: 134 | K86: HO | L86: WIZ
A87: 79 | B87: SRUSHTI RAJENDRA GHADAGE | C87: 27362786 | D87: 44 | E87: 81 | F87: 45 | G87: 119 | H87: 43 | I87: 83 | J87: 132 | K87: JS | L87: WOW
A88: 80 | B88: SHREYA ANIL ANKOLIKAR | C88: 27358598 | D88: 49 | E88: 59 | F88: 45 | G88: 119 | H88: 38 | I88: 119 | J88: 132 | K88: JS | L88: WOW
A89: 81 | B89: YASH SANTOSH BHAJIBHAKARE | C89: 27332994 | D89: 40 | E89: 99 | F89: 57 | G89: 50 | H89: 35 | I89: 137 | J89: 132 | K89: JS | L89: WOW
... A93: 85 | B93: ATHARV ABHAYKUMAR SUPATE | C93: 27376701 | D93: 58 | E93: 29 | F93: 37 | G93: 154 | H93: 35 | I93: 137 | J93: 130 | K93: JS | L93: WIZ
A94: 86 | B94: SHRIHARSHA NARENDRA VADDEPALLI | C94: 27365750 | D94: 47 | E94: 67 | F94: 46 | G94: 112 | H94: 37 | I94: 126 | J94: 130 | K94: AC
A95: 87 | B95: KOMAL SIDDARAMAYYA HIREMATH | C95: 27372161 | D95: 48 | E95: 63 | F95: 48 | G95: 99 | H95: 34 | I95: 144 | J95: 130 | K95: JS | L95: WIZ
A96: 88 | B96: ATHARVA JAYPRAKASH TRIGULE | C96: 27356950 | D96: 51 | E96: 50 | F96: 47 | G96: 107 | H96: 31 | I96: 158 | J96: 129 | K96: JS | L96: WIZ
A97: 89 | B97: RAJNANDINI PRAVIN KALKOTE | C97: 27376929 | D97: 36 | E97: 110 | F97: 66 | G97: 26 | H97: 27 | I97: 181 | J97: 129 | K97: HO | L97: WIZ
A98: 90 | B98: REHAN MOHIB SHAIKH | C98: 27365104 | D98: 29 | E98: 146 | F98: 57 | G98: 50 | H98: 42 | I98: 93 | J98: 128 | K98: AC
A99: 91 | B99: PRATIKSHA SUBHASH NANDE | C99: 27375726 | D99: 41 | E99: 96 | F99: 49 | G99: 93 | H99: 38 | I99: 119 | J99: 128 | K99: JS | L99: WIZ
A100: 92 | B100: ANUJ MANOJ JADHAV | C100: 27372856 | D100: 32 | E100: 128 | F100: 65 | G100: 28 | H100: 31 | I100: 158 | J100: 128 | K100: JS | L100: WIZ
A101: 93 | B101: SHREYA OGEPPA SONAGE | C101: 27371081 | D101: 45 | E101: 74 | F101: 37 | G101: 154 | H101: 46 | I101: 69 | J101: 128 | K101: JS | L101: WIZ
A102: 94 | B102: KIRTANA LAXMIKANT KANDIKATLA | C102: 27336652 | D102: 11 | E102: 245 | F102: 70 | G102: 17 | H102: 47 | I102: 65 | J102: 128 | K102: AC
A103: 95 | B103: NIHAR NINAD DESHPANDE | C103: 27374217 | D103: 50 | E103: 55 | F103: 36 | G103: 156 | H103: 41 | I103: 100 | J103: 127 | K103: JS | L103: COC
...

Sheet BRTEST-225TH JAN 26
A1: BAKLIWAL TUTORIALS
A2: JEE - 2027 BRTEST - 02 (CET FORMAT) RESULT 25 JANUARY 2026
A3: TOP 109 STUDENT IN THE SUBJECT
A4: 110 - 218 STUDENT IN THE SUBJECT
A5: 219 - 328 STUDENT IN THE SUBJECT
B6: MEDIAN MARKS | D6: 21 | F6: 24 | H6: 72 | J6: 91
B7: MAX | D7: 50 | F7: 50 | H7: 100 | J7: 200
A8: TOTAL RANK | B8: STUDENT NAME | C8: ROLL NO | D8: PHY | E8: PHY RANK | F8: CHEM | G8: CHE RANK | H8: MATHS | I8: MATH RANK | J8: TOTAL | K8: BRANCH | L8: BATCH
A9: 1 | B9: KARTIK KULKARNI | C9: 23000009 | D9: 50 | E9: 1 | F9: 43 | G9: 8 | H9: 94 | I9: 3 | J9: 187 | K9: JS | L9: =VLOOKUP(C9,Sheet20!$C$2:$D$279,2,0) -> WOW
A10: 2 | B10: KETKI KULKARNI | C10: 23000010 | D10: 48 | E10: 2 | F10: 46 | G10: 1 | H10: 90 | I10: 6 | J10: 184 | K10: JS | L10: =VLOOKUP(C10,Sheet20!$C$2:$D$279,2,0) -> WOW
A11: 3 | B11: JAYRAJ HUGAR | C11: 23000008 | D11: 44 | E11: 7 | F11: 42 | G11: 11 | H11: 96 | I11: 1 | J11: 182 | K11: JS | L11: =VLOOKUP(C11,Sheet20!$C$2:$D$279,2,0) -> WOW
A12: 4 | B12: OJAS HUMNABADKAR | C12: 25800325 | D12: 46 | E12: 4 | F12: 39 | G12: 22 | H12: 96 | I12: 1 | J12: 181 | K12: JS | L12: =VLOOKUP(C12,Sheet20!$C$2:$D$279,2,0) -> WOW
A13: 5 | B13: PRAGUN VINEET RATHI | C13: 27343975 | D13: 46 | E13: 4 | F13: 45 | G13: 2 | H13: 88 | I13: 8 | J13: 179 | K13: JS | L13: =VLOOKUP(C13,Sheet20!$C$2:$D$279,2,0) -> WOW
A14: 6 | B14: SUMIT ANNASAHEB TAKADE | C14: 27371780 | D14: 41 | E14: 15 | F14: 43 | G14: 8 | H14: 90 | I14: 6 | J14: 174 | K14: JS | L14: =VLOOKUP(C14,Sheet20!$C$2:$D$279,2,0) -> WOW
A15: 7 | B15: ISHAN PHADE | C15: 27353204 | D15: 43 | E15: 9 | F15: 43 | G15: 8 | H15: 88 | I15: 8 | J15: 174 | K15: PANDHARPUR | L15: =VLOOKUP(C15,Sheet20!$C$2:$D$279,2,0) -> #N/A
A16: 8 | B16: SURYAANSH SHRINIWAS CHIPPA | C16: 27363118 | D16: 40 | E16: 21 | F16: 45 | G16: 2 | H16: 84 | I16: 16 | J16: 169 | K16: HO | L16: =VLOOKUP(C16,Sheet20!$C$2:$D$279,2,0) -> WIZ
A17: 9 | B17: ANIMESH CHAVAN | C17: 23000004 | D17: 47 | E17: 3 | F17: 41 | G17: 13 | H17: 80 | I17: 22 | J17: 168 | K17: JS | L17: =VLOOKUP(C17,Sheet20!$C$2:$D$279,2,0) -> WOW
A18: 10 | B18: YATHARTH APPASAHEB PATIL | C18: 27344511 | D18: 32 | E18: 75 | F18: 44 | G18: 6 | H18: 92 | I18: 4 | J18: 168 | K18: JS | L18: =VLOOKUP(C18,Sheet20!$C$2:$D$279,2,0) -> WOW
A19: 11 | B19: SHRAVNI ARVIND GIRAM | C19: 27337339 | D19: 40 | E19: 21 | F19: 36 | G19: 43 | H19: 92 | I19: 4 | J19: 168 | K19: JS | L19: =VLOOKUP(C19,Sheet20!$C$2:$D$279,2,0) -> WOW
A20: 12 | B20: AVADHOOT KULKARNI | C20: 27361589 | D20: 40 | E20: 21 | F20: 41 | G20: 13 | H20: 86 | I20: 13 | J20: 167 | K20: JS | L20: =VLOOKUP(C20,Sheet20!$C$2:$D$279,2,0) -> WOW
... A336: 328 | B336: ADITYA BHAUSAHEB DEVKAR | C336: 27363959 | D336: 7 | E336: 325 | F336: 3 | G336: 326 | H336: 20 | I336: 323 | J336: 30 | K336: HO | L336: =VLOOKUP(C336,Sheet20!$C$2:$D$279,2,0) -> COC
A337: STUDENTS WHOSE NAMES ARE NOT IN RANK LIST,WERE ABSENT FOR THE TEST

Sheet BTEST-808TH FEB 26
A1: BAKLIWAL TUTORIALS
A2: JEE-2027 MAINS BTEST - 08 RESULT 08 FEBRUARY 2026
A3: TOP 106 STUDENTS IN THE SUBJECT
A4: 107 - 212 STUDENTS IN THE SUBJECT
A5: 213 - 318 STUDENTS IN THE SUBJECT
B6: MEDIAN MARKS | D6: 36 | F6: 30 | H6: 30.5 | J6: 96
B7: MAX | D7: 100 | F7: 100 | H7: 100 | J7: 300
A8: TOTAL RANK | B8: STUDENT NAME | C8: ROLL NO. | D8: PHY | E8: PHY RANK | F8: CHEM | G8: CHE RANK | H8: MATHS | I8: MATH RANK | J8: TOTAL | K8: BRANCH | L8: BATCH
A9: 1 | B9: KETKI KULKARNI | C9: 23000010 | D9: 92 | E9: 1 | F9: 96 | G9: 1 | H9: 60 | I9: 45 | J9: 248 | K9: JS | L9: WOW
A10: 2 | B10: ARNAV THITE | C10: 26850027 | D10: 78 | E10: 7 | F10: 82 | G10: 5 | H10: 84 | I10: 2 | J10: 244 | K10: JS | L10: WOW
A11: 3 | B11: PRAGUN VINEET RATHI | C11: 27343975 | D11: 63 | E11: 36 | F11: 91 | G11: 2 | H11: 83 | I11: 3 | J11: 237 | K11: JS | L11: WOW
A12: 4 | B12: PIYUSH PAWAR | C12: 25800415 | D12: 73 | E12: 12 | F12: 80 | G12: 6 | H12: 82 | I12: 4 | J12: 235 | K12: JS | L12: WOW
A13: 5 | B13: KARTIK KULKARNI | C13: 23000009 | D13: 76 | E13: 9 | F13: 80 | G13: 6 | H13: 76 | I13: 11 | J13: 232 | K13: JS | L13: WOW
A14: 6 | B14: SUMIT ANNASAHEB TAKADE | C14: 27371780 | D14: 79 | E14: 6 | F14: 73 | G14: 14 | H14: 79 | I14: 6 | J14: 231 | K14: JS | L14: WOW
A15: 7 | B15: OJAS HUMNABADKAR | C15: 25800325 | D15: 81 | E15: 4 | F15: 75 | G15: 10 | H15: 72 | I15: 22 | J15: 228 | K15: JS | L15: WOW
A16: 8 | B16: SURYAANSH SHRINIWAS CHIPPA | C16: 27363118 | D16: 61 | E16: 44 | F16: 90 | G16: 3 | H16: 75 | I16: 13 | J16: 226 | K16: HO | L16: WOW
A17: 9 | B17: SATVIKA MORE | C17: 23000017 | D17: 70 | E17: 17 | F17: 75 | G17: 10 | H17: 79 | I17: 6 | J17: 224 | K17: JS | L17: WOW
A18: 10 | B18: TRISHA SHANKAR BHANDARI | C18: 27350345 | D18: 63 | E18: 36 | F18: 84 | G18: 4 | H18: 71 | I18: 26 | J18: 218 | K18: HO | L18: WOW
A19: 11 | B19: RAJDEEP KHANDU GAIKWAD | C19: 27343132 | D19: 71 | E19: 14 | F19: 73 | G19: 14 | H19: 68 | I19: 29 | J19: 212 | K19: JS | L19: WOW
A20: 12 | B20: ARYAN SHAMKUMAR DESHMUKH | C20: 27343303 | D20: 65 | E20: 30 | F20: 65 | G20: 22 | H20: 75 | I20: 13 | J20: 205 | K20: JS | L20: WOW
... A24: 16 | B24: GIRISH VITHAL NARANGKAR | C24: 27377063 | D24: 53 | E24: 73 | F24: 75 | G24: 10 | H24: 72 | I24: 22 | J24: 200 | K24: JS | L24: WOW
A25: 17 | B25: KOMAL SATISH PEGADA | C25: 27361800 | D25: 87 | E25: 2 | F25: 70 | G25: 18 | H25: 40 | I25: 118 | J25: 197 | K25: AC
A26: 18 | B26: HARSHADA SUSHILKUMAR EKBOTE | C26: 27360150 | D26: 67 | E26: 23 | F26: 66 | G26: 21 | H26: 62 | I26: 42 | J26: 195 | K26: AC
A27: 19 | B27: ARUSH AJIT KULKARNI | C27: 27109976 | D27: 63 | E27: 36 | F27: 53 | G27: 53 | H27: 78 | I27: 9 | J27: 194 | K27: JS | L27: WOW
A28: 20 | B28: HARSHVARDHAN CHOUDHARI | C28: 27338488 | D28: 59 | E28: 51 | F28: 55 | G28: 48 | H28: 79 | I28: 6 | J28: 193 | K28: JS | L28: WOW
A29: 21 | B29: AVADHOOT KULKARNI | C29: 27361589 | D29: 75 | E29: 11 | F29: 60 | G29: 33 | H29: 58 | I29: 55 | J29: 193 | K29: JS | L29: WOW
A30: 22 | B30: OJAS AKASH REPAL | C30: 26850028 | D30: 66 | E30: 27 | F30: 68 | G30: 19 | H30: 59 | I30: 51 | J30: 193 | K30: JS | L30: WOW
A31: 23 | B31: SHRUTI SHIVAJI KANHERE | C31: 27370128 | D31: 64 | E31: 33 | F31: 57 | G31: 38 | H31: 72 | I31: 22 | J31: 193 | K31: JS | L31: WIZ
A32: 24 | B32: VARAD MALANI | C32: 27194907 | D32: 62 | E32: 42 | F32: 57 | G32: 38 | H32: 73 | I32: 19 | J32: 192 | K32: JS | L32: WOW
A33: 25 | B33: KRUTIKA BANKAPURE | C33: 27336986 | D33: 77 | E33: 8 | F33: 57 | G33: 38 | H33: 58 | I33: 55 | J33: 192 | K33: JS | L33: WIZ
A34: 26 | B34: JAYRAJ HUGAR | C34: 23000008 | D34: 82 | E34: 3 | F34: 32 | G34: 142 | H34: 77 | I34: 10 | J34: 191 | K34: JS | L34: WOW
A35: 27 | B35: AKHILESH GAIKWAD | C35: 25800203 | D35: 55 | E35: 61 | F35: 75 | G35: 10 | H35: 60 | I35: 45 | J35: 190 | K35: JS | L35: WOW
A36: 28 | B36: ISHAN PHADE | C36: 27353204 | D36: 72 | E36: 13 | F36: 65 | G36: 22 | H36: 53 | I36: 68 | J36: 190 | K36: PANDHARPUR
A37: 29 | B37: VAISHNAVI ALAND | C37: 27347172 | D37: 66 | E37: 27 | F37: 63 | G37: 26 | H37: 60 | I37: 45 | J37: 189 | K37: JS | L37: WOW
A38: 30 | B38: ADESH SOPAN PARDE | C38: 27380580 | D38: 50 | E38: 89 | F38: 50 | G38: 63 | H38: 87 | I38: 1 | J38: 187 | K38: JS | L38: WOW
A39: 31 | B39: ARYAN SACHIN BHOSALE | C39: 27358884 | D39: 54 | E39: 67 | F39: 57 | G39: 38 | H39: 76 | I39: 11 | J39: 187 | K39: JS | L39: WOW
A40: 32 | B40: AMOL SIDDHARAM BHADANGE | C40: 27370899 | D40: 57 | E40: 53 | F40: 61 | G40: 29 | H40: 68 | I40: 29 | J40: 186 | K40: JS | L40: WIZ
A41: 33 | B41: VEDIKA REVANSIDDHA ANDHALKAR | C41: 27380101 | D41: 54 | E41: 67 | F41: 57 | G41: 38 | H41: 74 | I41: 17 | J41: 185 | K41: JS | L41: WOW
A42: 34 | B42: SHAURYA BORGAVKAR | C42: 27374439 | D42: 64 | E42: 33 | F42: 56 | G42: 47 | H42: 64 | I42: 36 | J42: 184 | K42: PANDHARPUR
A43: 35 | B43: VEDASHRI NAGNATH MUNGAPATIL | C43: 27377476 | D43: 52 | E43: 78 | F43: 54 | G43: 50 | H43: 75 | I43: 13 | J43: 181 | K43: AC
A44: 36 | B44: SANKET SHIVAPUTRA BUKKANURE | C44: 27333715 | D44: 50 | E44: 89 | F44: 60 | G44: 33 | H44: 70 | I44: 27 | J44: 180 | K44: JS | L44: WOW
A45: 37 | B45: SHREYASH KORE | C45: 27353597 | D45: 69 | E45: 19 | F45: 60 | G45: 33 | H45: 50 | I45: 78 | J45: 179 | K45: PANDHARPUR
A46: 38 | B46: YATHARTH APPASAHEB PATIL | C46: 27344511 | D46: 67 | E46: 23 | F46: 36 | G46: 115 | H46: 75 | I46: 13 | J46: 178 | K46: JS | L46: WOW
A47: 39 | B47: AKSHATA SUDARSHAN KARAJGIKAR | C47: 27336079 | D47: 60 | E47: 48 | F47: 67 | G47: 20 | H47: 51 | I47: 76 | J47: 178 | K47: JS | L47: WOW
A48: 40 | B48: HARSHIT SANTOSHKUMAR THAKUR | C48: 27378713 | D48: 71 | E48: 14 | F48: 53 | G48: 53 | H48: 52 | I48: 73 | J48: 176 | K48: JS | L48: WOW
A49: 41 | B49: PALLAVI PARSHURAM KOLI | C49: 27369945 | D49: 80 | E49: 5 | F49: 41 | G49: 94 | H49: 55 | I49: 63 | J49: 176 | K49: JS | L49: WIZ
A50: 42 | B50: VAISHNAV PUNYAWANT DHUMAL | C50: 27800172 | D50: 52 | E50: 78 | F50: 62 | G50: 27 | H50: 61 | I50: 44 | J50: 175 | K50: JS | L50: WIZ
A51: 43 | B51: SAMRUDDHI RAJENDRAKUMAR KOLEKAR | C51: 27368316 | D51: 65 | E51: 30 | F51: 46 | G51: 77 | H51: 63 | I51: 37 | J51: 174 | K51: JS | L51: WIZ
A52: 44 | B52: PRATIK VILAS VALLAKATI | C52: 27367699 | D52: 50 | E52: 89 | F52: 51 | G52: 59 | H52: 73 | I52: 19 | J52: 174 | K52: AC
A53: 45 | B53: ARYAN NALAWADE | C53: 27353485 | D53: 42 | E53: 128 | F53: 61 | G53: 29 | H53: 68 | I53: 29 | J53: 171 | K53: PANDHARPUR
A54: 46 | B54: MADHAVI SATALINGAPPA DHODAMANI | C54: 27269367 | D54: 54 | E54: 67 | F54: 57 | G54: 38 | H54: 60 | I54: 45 | J54: 171 | K54: HO | L54: WOW
A55: 47 | B55: ATHARVA JAYPRAKASH TRIGULE | C55: 27356950 | D55: 65 | E55: 30 | F55: 58 | G55: 37 | H55: 47 | I55: 89 | J55: 170 | K55: JS | L55: WIZ
A56: 48 | B56: AMRUTA BHAJIBHAKARE | C56: 27369414 | D56: 64 | E56: 33 | F56: 47 | G56: 73 | H56: 58 | I56: 55 | J56: 169 | K56: JS | L56: WIZ
A57: 49 | B57: SHRAVNI ARVIND GIRAM | C57: 27337339 | D57: 76 | E57: 9 | F57: 50 | G57: 63 | H57: 42 | I57: 108 | J57: 168 | K57: JS | L57: WOW
A58: 50 | B58: AAMEYA DADPE | C58: 23000002 | D58: 51 | E58: 85 | F58: 61 | G58: 29 | H58: 55 | I58: 63 | J58: 167 | K58: JS | L58: WOW
A59: 51 | B59: ATHARVA ASHISH JAWALKAR | C59: 27359538 | D59: 55 | E59: 61 | F59: 49 | G59: 65 | H59: 63 | I59: 37 | J59: 167 | K59: JS | L59: WIZ
A60: 52 | B60: ARJUN RANJEET PATIL | C60: 27340819 | D60: 67 | E60: 23 | F60: 39 | G60: 105 | H60: 59 | I60: 51 | J60: 165 | K60: JS | L60: WOW
A61: 53 | B61: AKSHARA KOTHARI | C61: 27357834 | D61: 53 | E61: 73 | F61: 53 | G61: 53 | H61: 58 | I61: 55 | J61: 164 | K61: PANDHARPUR
A62: 54 | B62: SHUBHAM SHEKAPPA BELLE | C62: 27379009 | D62: 43 | E62: 124 | F62: 51 | G62: 59 | H62: 69 | I62: 28 | J62: 163 | K62: JS | L62: WIZ
A63: 55 | B63: SHREYA ANIL ANKOLIKAR | C63: 27358598 | D63: 61 | E63: 44 | F63: 36 | G63: 115 | H63: 63 | I63: 37 | J63: 160 | K63: JS | L63: WOW
A64: 56 | B64: HARSH MANKAR | C64: 25800427 | D64: 46 | E64: 111 | F64: 57 | G64: 38 | H64: 57 | I64: 59 | J64: 160 | K64: JS
A65: 57 | B65: SHAMIK SUBHASH GAIKWAD | C65: 27370076 | D65: 49 | E65: 96 | F65: 43 | G65: 88 | H65: 67 | I65: 32 | J65: 159 | K65: JS | L65: WOW
A66: 58 | B66: VARAD VAIBHAV THOKAL | C66: 27375256 | D66: 52 | E66: 78 | F66: 35 | G66: 122 | H66: 72 | I66: 22 | J66: 159 | K66: JS | L66: WIZ
A67: 59 | B67: SRUSHTI RAJENDRA GHADAGE | C67: 27362786 | D67: 56 | E67: 57 | F67: 36 | G67: 115 | H67: 66 | I67: 34 | J67: 158 | K67: JS | L67: WOW
A68: 60 | B68: SHRAVNI VIJAY BHOSALE | C68: 27379233 | D68: 30 | E68: 190 | F68: 72 | G68: 16 | H68: 56 | I68: 62 | J68: 158 | K68: JS | L68: WOW
A69: 61 | B69: KOMAL SIDDARAMAYYA HIREMATH | C69: 27372161 | D69: 57 | E69: 53 | F69: 48 | G69: 69 | H69: 53 | I69: 68 | J69: 158 | K69: JS | L69: WIZ
A70: 62 | B70: AISHWARJA BEHERA | C70: 27356474 | D70: 54 | E70: 67 | F70: 36 | G70: 115 | H70: 66 | I70: 34 | J70: 156 | K70: JS | L70: WOW
A71: 63 | B71: MAHVISH MOHAMMAD ASIF SHAIKH | C71: 27362434 | D71: 68 | E71: 20 | F71: 46 | G71: 77 | H71: 42 | I71: 108 | J71: 156 | K71: HO | L71: WIZ
A72: 64 | B72: PRAJAKTA SANTOSH SHELAR | C72: 27378341 | D72: 45 | E72: 119 | F72: 47 | G72: 73 | H72: 63 | I72: 37 | J72: 155 | K72: JS | L72: WOW
A73: 65 | B73: PRATHEMESH BADAVE | C73: 27355088 | D73: 68 | E73: 20 | F73: 34 | G73: 128 | H73: 52 | I73: 73 | J73: 154 | K73: PANDHARPUR
A74: 66 | B74: PRATIK MHAMANE | C74: 27349683 | D74: 63 | E74: 36 | F74: 43 | G74: 88 | H74: 48 | I74: 86 | J74: 154 | K74: HO | L74: WIZ
A75: 67 | B75: MAHIR DEEPAK PATEL | C75: 27343230 | D75: 49 | E75: 96 | F75: 51 | G75: 59 | H75: 53 | I75: 68 | J75: 153 | K75: HO | L75: WIZ
A76: 68 | B76: SARTHAK KATEKAR | C76: 27357191 | D76: 45 | E76: 119 | F76: 57 | G76: 38 | H76: 50 | I76: 78 | J76: 152 | K76: PANDHARPUR
A77: 69 | B77: YASH SANTOSH BHAJIBHAKARE | C77: 27332994 | D77: 50 | E77: 89 | F77: 51 | G77: 59 | H77: 51 | I77: 76 | J77: 152 | K77: JS | L77: WOW
A78: 70 | B78: YATHARTH YADAV | C78: 27362914 | D78: 37 | E78: 153 | F78: 53 | G78: 53 | H78: 60 | I78: 45 | J78: 150 | K78: JS | L78: WOW
A79: 71 | B79: SAMIKSHA VIJAYSINH CHOBE | C79: 27360251 | D79: 70 | E79: 17 | F79: 39 | G79: 105 | H79: 41 | I79: 112 | J79: 150 | K79: HO | L79: WIZ
A80: 72 | B80: SHRIJIT BHOSALE | C80: 27384156 | D80: 57 | E80: 53 | F80: 49 | G80: 65 | H80: 39 | I80: 122 | J80: 145 | K80: HO | L80: WIZ
A81: 73 | B81: AMOGH RAJESH NERKER | C81: 27350142 | D81: 43 | E81: 124 | F81: 64 | G81: 24 | H81: 37 | I81: 127 | J81: 144 | K81: HO | L81: WIZ
A82: 74 | B82: SHIVSHARAN SANGALLE | C82: 23000018 | D82: 54 | E82: 67 | F82: 45 | G82: 79 | H82: 44 | I82: 98 | J82: 143 | K82: JS | L82: WIZ
A83: 75 | B83: RAJNANDINI PRAVIN KALKOTE | C83: 27376929 | D83: 61 | E83: 44 | F83: 43 | G83: 88 | H83: 37 | I83: 127 | J83: 141 | K83: HO | L83: WIZ
A84: 76 | B84: TEJAS SURESH HIPPARGI | C84: 27337511 | D84: 49 | E84: 96 | F84: 57 | G84: 38 | H84: 35 | I84: 138 | J84: 141 | K84: JS | L84: WIZ
A85: 77 | B85: SHREYA CHITNIS | C85: 27352438 | D85: 47 | E85: 105 | F85: 40 | G85: 98 | H85: 53 | I85: 68 | J85: 140 | K85: PANDHARPUR
A86: 78 | B86: NIVESH MAHESHKUMAR BABAR | C86: 27349008 | D86: 35 | E86: 161 | F86: 49 | G86: 65 | H86: 55 | I86: 63 | J86: 139 | K86: HO | L86: WIZ
A87: 79 | B87: NIHAL NADAF | C87: 27357543 | D87: 63 | E87: 36 | F87: 29 | G87: 161 | H87: 46 | I87: 92 | J87: 138 | K87: PANDHARPUR
A88: 80 | B88: SHRIHARSHA NARENDRA VADDEPALLI | C88: 27365750 | D88: 47 | E88: 105 | F88: 32 | G88: 142 | H88: 59 | I88: 51 | J88: 138 | K88: AC
A89: 81 | B89: SHREYA VASTRE | C89: 27384882 | D89: 49 | E89: 96 | F89: 48 | G89: 69 | H89: 41 | I89: 112 | J89: 138 | K89: HO | L89: WIZ
A90: 82 | B90: MUSADDIK MUBIN BAGWAN | C90: 27336135 | D90: 41 | E90: 135 | F90: 34 | G90: 128 | H90: 62 | I90: 42 | J90: 137 | K90: HO | L90: WIZ
A91: 83 | B91: RUGWED RAMESH PATIL | C91: 27341275 | D91: 63 | E91: 36 | F91: 38 | G91: 108 | H91: 35 | I91: 138 | J91: 136 | K91: JS | L91: WIZ
A92: 84 | B92: VAISHNAVI VAIBHAV MORE | C92: 27344697 | D92: 48 | E92: 101 | F92: 38 | G92: 108 | H92: 50 | I92: 78 | J92: 136 | K92: JS | L92: WOW
A93: 85 | B93: VIGHNESH ABHAY MALANG | C93: 27347562 | D93: 52 | E93: 78 | F93: 38 | G93: 108 | H93: 46 | I93: 92 | J93: 136 | K93: AC
A94: 86 | B94: SAYALI MADALE | C94: 23000024 | D94: 42 | E94: 128 | F94: 45 | G94: 79 | H94: 47 | I94: 89 | J94: 134 | K94: JS | L94: WOW
A95: 87 | B95: SNEHAL SANTOSH NARAYANKAR | C95: 27370456 | D95: 53 | E95: 73 | F95: 40 | G95: 98 | H95: 41 | I95: 112 | J95: 134 | K95: JS | L95: WOW
A96: 88 | B96: VIDYA KISHOR BARAD | C96: 27348907 | D96: 60 | E96: 48 | F96: 34 | G96: 128 | H96: 40 | I96: 118 | J96: 134 | K96: HO | L96: WIZ
A97: 89 | B97: VARSHA RAJKUMAR BIRAJDAR | C97: 27357457 | D97: 51 | E97: 85 | F97: 55 | G97: 48 | H97: 26 | I97: 175 | J97: 132 | K97: HO | L97: WIZ
A98: 90 | B98: HARSHWARDHAN DNYANESHWAR BABAR | C98: 27374819 | D98: 55 | E98: 61 | F98: 32 | G98: 142 | H98: 45 | I98: 95 | J98: 132 | K98: JS | L98: WIZ
A99: 91 | B99: OM KARAPE | C99: 27357610 | D99: 46 | E99: 111 | F99: 47 | G99: 73 | H99: 38 | I99: 125 | J99: 131 | K99: PANDHARPUR
A100: 92 | B100: SHREYASH JADHAV | C100: 27358636 | D100: 34 | E100: 166 | F100: 41 | G100: 94 | H100: 55 | I100: 63 | J100: 130 | K100: PANDHARPUR
A101: 93 | B101: KEDAR KALYANRAO GOLSAR | C101: 27378853 | D101: 36 | E101: 158 | F101: 59 | G101: 36 | H101: 35 | I101: 138 | J101: 130 | K101: JS | L101: WIZ
A102: 94 | B102: RUDRESH KALYANRAO PATIL | C102: 27359643 | D102: 40 | E102: 138 | F102: 53 | G102: 53 | H102: 37 | I102: 127 | J102: 130 | K102: HO | L102: WIZ
A103: 95 | B103: ATHARV ABHAYKUMAR SUPATE | C103: 27376701 | D103: 56 | E103: 57 | F103: 32 | G103: 142 | H103: 41 | I103: 112 | J103: 129 | K103: JS | L103: WIZ
...

Sheet GRAND TEST-307TH MAR 26
A1: BAKLIWAL TUTORIALS
A2: JEE-2027 MAINS GRAND TEST - 03 RESULT 07TH MARCH 2025
A3: TOP 112 STUDENTS IN THE SUBJECT
A4: 113 - 224 STUDENTS IN THE SUBJECT
A5: 225 - 338 STUDENTS IN THE SUBJECT
B6: MEDIAN MARKS | D6: 38 | F6: 38 | H6: 39 | J6: 111
B7: MAX | D7: 100 | F7: 100 | H7: 100 | J7: 300
A8: TOTAL RANK | B8: STUDENT NAME | C8: ROLL NO. | D8: PHY | E8: PHY RANK | F8: CHEM | G8: CHE RANK | H8: MATHS | I8: MATH RANK | J8: TOTAL | K8: BRANCH | L8: BATCH
A9: 1 | B9: KARTIK KULKARNI | C9: 23000009 | D9: 95 | E9: 1 | F9: 90 | G9: 4 | H9: 90 | I9: 2 | J9: 275 | K9: JS | L9: WOW
A10: 2 | B10: PRAGUN VINEET RATHI | C10: 27343975 | D10: 79 | E10: 16 | F10: 95 | G10: 1 | H10: 87 | I10: 8 | J10: 261 | K10: JS | L10: WOW
A11: 3 | B11: RAJDEEP KHANDU GAIKWAD | C11: 27343132 | D11: 95 | E11: 1 | F11: 73 | G11: 33 | H11: 91 | I11: 1 | J11: 259 | K11: JS | L11: WOW
A12: 4 | B12: KETKI KULKARNI | C12: 23000010 | D12: 85 | E12: 5 | F12: 85 | G12: 13 | H12: 88 | I12: 7 | J12: 258 | K12: JS | L12: WOW
A13: 5 | B13: OJAS HUMNABADKAR | C13: 25800325 | D13: 91 | E13: 3 | F13: 85 | G13: 13 | H13: 82 | I13: 10 | J13: 258 | K13: JS | L13: WOW
A14: 6 | B14: JAYRAJ HUGAR | C14: 23000008 | D14: 80 | E14: 13 | F14: 85 | G14: 13 | H14: 90 | I14: 2 | J14: 255 | K14: JS
A15: 7 | B15: ISHAN PHADE | C15: 27353204 | D15: 90 | E15: 4 | F15: 90 | G15: 4 | H15: 74 | I15: 22 | J15: 254 | K15: PANDHARPUR
A16: 8 | B16: SUMIT ANNASAHEB TAKADE | C16: 27371780 | D16: 85 | E16: 5 | F16: 76 | G16: 24 | H16: 90 | I16: 2 | J16: 251 | K16: JS | L16: WOW
A17: 9 | B17: ARYAN SHAMKUMAR DESHMUKH | C17: 27343303 | D17: 85 | E17: 5 | F17: 75 | G17: 27 | H17: 90 | I17: 2 | J17: 250 | K17: JS | L17: WOW
A18: 10 | B18: SANKET SHIVAPUTRA BUKKANURE | C18: 27333715 | D18: 85 | E18: 5 | F18: 75 | G18: 27 | H18: 85 | I18: 9 | J18: 245 | K18: JS | L18: WOW
A19: 11 | B19: ARNAV THITE | C19: 26850027 | D19: 79 | E19: 16 | F19: 85 | G19: 13 | H19: 74 | I19: 22 | J19: 238 | K19: JS | L19: WOW
A20: 12 | B20: YATHARTH APPASAHEB PATIL | C20: 27344511 | D20: 85 | E20: 5 | F20: 75 | G20: 27 | H20: 75 | I20: 19 | J20: 235 | K20: JS | L20: WOW
A21: 13 | B21: SHREYA VIJAYKUMAR BIRADAR | C21: 27340955 | D21: 84 | E21: 10 | F21: 86 | G21: 10 | H21: 60 | I21: 59 | J21: 230 | K21: JS | L21: WOW
A22: 14 | B22: AKSHATA SUDARSHAN KARAJGIKAR | C22: 27336079 | D22: 78 | E22: 18 | F22: 88 | G22: 9 | H22: 62 | I22: 47 | J22: 228 | K22: JS | L22: WOW
A23: 15 | B23: AVADHOOT KULKARNI | C23: 27361589 | D23: 72 | E23: 24 | F23: 85 | G23: 13 | H23: 71 | I23: 29 | J23: 228 | K23: JS | L23: WOW
A24: 16 | B24: ARUSH AJIT KULKARNI | C24: 27109976 | D24: 72 | E24: 24 | F24: 72 | G24: 35 | H24: 82 | I24: 10 | J24: 226 | K24: JS | L24: WOW
A25: 17 | B25: VEDIKA REVANSIDDHA ANDHALKAR | C25: 27380101 | D25: 72 | E25: 24 | F25: 90 | G25: 4 | H25: 63 | I25: 41 | J25: 225 | K25: JS | L25: WOW
A26: 18 | B26: SHREYA CHITNIS | C26: 27352438 | D26: 80 | E26: 13 | F26: 66 | G26: 57 | H26: 78 | I26: 16 | J26: 224 | K26: PANDHARPUR
A27: 19 | B27: ANIMESH CHAVAN | C27: 23000004 | D27: 67 | E27: 41 | F27: 90 | G27: 4 | H27: 67 | I27: 33 | J27: 224 | K27: JS | L27: WOW
A28: 20 | B28: ARJUN RANJEET PATIL | C28: 27340819 | D28: 72 | E28: 24 | F28: 86 | G28: 10 | H28: 65 | I28: 37 | J28: 223 | K28: JS | L28: WOW
A29: 21 | B29: SURYAANSH SHRINIWAS CHIPPA | C29: 27363118 | D29: 70 | E29: 31 | F29: 69 | G29: 47 | H29: 82 | I29: 10 | J29: 221 | K29: HO | L29: WIZ
A30: 22 | B30: SHRAVNI ARVIND GIRAM | C30: 27337339 | D30: 70 | E30: 31 | F30: 73 | G30: 33 | H30: 77 | I30: 18 | J30: 220 | K30: JS | L30: WOW
A31: 23 | B31: TRISHA SHANKAR BHANDARI | C31: 27350345 | D31: 69 | E31: 38 | F31: 77 | G31: 21 | H31: 74 | I31: 22 | J31: 220 | K31: HO | L31: WOW
A32: 24 | B32: AKHILESH GAIKWAD | C32: 25800203 | D32: 73 | E32: 23 | F32: 80 | G32: 19 | H32: 63 | I32: 41 | J32: 216 | K32: JS | L32: WOW
A33: 25 | B33: SATVIKA MORE | C33: 23000017 | D33: 54 | E33: 87 | F33: 90 | G33: 4 | H33: 71 | I33: 29 | J33: 215 | K33: JS | L33: WOW
A34: 26 | B34: GIRISH VITHAL NARANGKAR | C34: 27377063 | D34: 61 | E34: 62 | F34: 71 | G34: 39 | H34: 82 | I34: 10 | J34: 214 | K34: JS | L34: WOW
A35: 27 | B35: HARSHADA SUSHILKUMAR EKBOTE | C35: 27360150 | D35: 80 | E35: 13 | F35: 66 | G35: 57 | H35: 67 | I35: 33 | J35: 213 | K35: AC
A36: 28 | B36: VAISHNAVI ALAND | C36: 27347172 | D36: 63 | E36: 57 | F36: 75 | G36: 27 | H36: 75 | I36: 19 | J36: 213 | K36: JS | L36: WOW
A37: 29 | B37: KOMAL SIDDARAMAYYA HIREMATH | C37: 27372161 | D37: 75 | E37: 20 | F37: 55 | G37: 88 | H37: 78 | I37: 16 | J37: 208 | K37: JS | L37: WIZ
A38: 30 | B38: SAYALI MADALE | C38: 23000024 | D38: 62 | E38: 60 | F38: 91 | G38: 3 | H38: 54 | I38: 78 | J38: 207 | K38: JS | L38: WOW
A39: 31 | B39: VARAD MALANI | C39: 27194907 | D39: 72 | E39: 24 | F39: 63 | G39: 62 | H39: 72 | I39: 28 | J39: 207 | K39: JS | L39: WOW
A40: 32 | B40: VEDASHRI NAGNATH MUNGAPATIL | C40: 27377476 | D40: 70 | E40: 31 | F40: 57 | G40: 83 | H40: 80 | I40: 15 | J40: 207 | K40: AC
A41: 33 | B41: AMOL SIDDHARAM BHADANGE | C41: 27370899 | D41: 65 | E41: 51 | F41: 81 | G41: 18 | H41: 61 | I41: 55 | J41: 207 | K41: JS | L41: WIZ
A42: 34 | B42: SRUSHTI RAJENDRA GHADAGE | C42: 27362786 | D42: 70 | E42: 31 | F42: 71 | G42: 39 | H42: 66 | I42: 35 | J42: 207 | K42: JS | L42: WOW
A43: 35 | B43: PRATIK VILAS VALLAKATI | C43: 27367699 | D43: 61 | E43: 62 | F43: 62 | G43: 65 | H43: 81 | I43: 14 | J43: 204 | K43: AC
A44: 36 | B44: MADHAVI SATALINGAPPA DHODAMANI | C44: 27269367 | D44: 63 | E44: 57 | F44: 67 | G44: 53 | H44: 74 | I44: 22 | J44: 204 | K44: HO | L44: WOW
A45: 37 | B45: HARSHVARDHAN CHOUDHARI | C45: 27338488 | D45: 66 | E45: 47 | F45: 67 | G45: 53 | H45: 70 | I45: 31 | J45: 203 | K45: JS | L45: WOW
A46: 38 | B46: ARYAN SACHIN BHOSALE | C46: 27358884 | D46: 67 | E46: 41 | F46: 76 | G46: 24 | H46: 60 | I46: 59 | J46: 203 | K46: JS | L46: WOW
A47: 39 | B47: AAMEYA DADPE | C47: 23000002 | D47: 82 | E47: 11 | F47: 71 | G47: 39 | H47: 48 | I47: 112 | J47: 201 | K47: JS | L47: WOW
A48: 40 | B48: ATHARVA ASHISH JAWALKAR | C48: 27359538 | D48: 82 | E48: 11 | F48: 50 | G48: 108 | H48: 66 | I48: 35 | J48: 198 | K48: JS | L48: WIZ
A49: 41 | B49: AISHWARJA BEHERA | C49: 27356474 | D49: 56 | E49: 81 | F49: 86 | G49: 10 | H49: 53 | I49: 82 | J49: 195 | K49: JS | L49: WOW
A50: 42 | B50: HARSHIT SANTOSHKUMAR THAKUR | C50: 27378713 | D50: 60 | E50: 64 | F50: 72 | G50: 35 | H50: 62 | I50: 47 | J50: 194 | K50: JS | L50: WOW
A51: 43 | B51: ANNAPURANA SHAILENDRA KANAKI | C51: 27361678 | D51: 71 | E51: 29 | F51: 67 | G51: 53 | H51: 55 | I51: 74 | J51: 193 | K51: AC
A52: 44 | B52: ADITI HANUMANT DHOLE | C52: 27381279 | D52: 70 | E52: 31 | F52: 60 | G52: 69 | H52: 63 | I52: 41 | J52: 193 | K52: JS | L52: WIZ
A53: 45 | B53: KRUTIKA BANKAPURE | C53: 27336986 | D53: 78 | E53: 18 | F53: 58 | G53: 79 | H53: 57 | I53: 67 | J53: 193 | K53: JS | L53: WIZ
A54: 46 | B54: HARSHVARDHAN DHANANJAY LAMKANE | C54: 27367531 | D54: 39 | E54: 156 | F54: 95 | G54: 1 | H54: 57 | I54: 67 | J54: 191 | K54: HO | L54: WIZ
A55: 47 | B55: ARYAN NALAWADE | C55: 27353485 | D55: 71 | E55: 29 | F55: 57 | G55: 83 | H55: 62 | I55: 47 | J55: 190 | K55: PANDHARPUR
A56: 48 | B56: SHRIJIT BHOSALE | C56: 27384156 | D56: 59 | E56: 68 | F56: 75 | G56: 27 | H56: 55 | I56: 74 | J56: 189 | K56: HO | L56: WIZ
A57: 49 | B57: PRAJAKTA SANTOSH SHELAR | C57: 27378341 | D57: 62 | E57: 60 | F57: 69 | G57: 47 | H57: 57 | I57: 67 | J57: 188 | K57: JS | L57: WOW
A58: 50 | B58: SAMRUDDHI RAJENDRAKUMAR KOLEKAR | C58: 27368316 | D58: 67 | E58: 41 | F58: 71 | G58: 39 | H58: 49 | I58: 110 | J58: 187 | K58: JS | L58: WIZ
A59: 51 | B59: KOMAL SATISH PEGADA | C59: 27361800 | D59: 64 | E59: 52 | F59: 77 | G59: 21 | H59: 45 | I59: 123 | J59: 186 | K59: AC
A60: 52 | B60: OJAS AKASH REPAL | C60: 26850028 | D60: 60 | E60: 64 | F60: 71 | G60: 39 | H60: 55 | I60: 74 | J60: 186 | K60: JS | L60: WOW
A61: 53 | B61: SHIVSHARAN SANGALLE | C61: 23000018 | D61: 75 | E61: 20 | F61: 60 | G61: 69 | H61: 51 | I61: 95 | J61: 186 | K61: JS | L61: WIZ
A62: 54 | B62: SNEHAL SANTOSH NARAYANKAR | C62: 27370456 | D62: 55 | E62: 82 | F62: 68 | G62: 50 | H62: 61 | I62: 55 | J62: 184 | K62: JS | L62: WOW
A63: 55 | B63: ANANYA GOVIND ANAGUNDE | C63: 27339321 | D63: 57 | E63: 73 | F63: 52 | G63: 101 | H63: 75 | I63: 19 | J63: 184 | K63: JS | L63: WIZ
A64: 56 | B64: VAISHNAV PUNYAWANT DHUMAL | C64: 27800172 | D64: 67 | E64: 41 | F64: 80 | G64: 19 | H64: 37 | I64: 176 | J64: 184 | K64: JS | L64: WIZ
A65: 57 | B65: PIYUSH PAWAR | C65: 25800415 | D65: 31 | E65: 201 | F65: 63 | G65: 62 | H65: 90 | I65: 2 | J65: 184 | K65: JS | L65: WOW
A66: 58 | B66: YASH SANTOSH BHAJIBHAKARE | C66: 27332994 | D66: 51 | E66: 99 | F66: 70 | G66: 44 | H66: 62 | I66: 47 | J66: 183 | K66: JS | L66: WOW
A67: 59 | B67: SHREYASH KORE | C67: 27353597 | D67: 57 | E67: 73 | F67: 62 | G67: 65 | H67: 63 | I67: 41 | J67: 182 | K67: PANDHARPUR
A68: 60 | B68: REHAN MOHIB SHAIKH | C68: 27365104 | D68: 51 | E68: 99 | F68: 77 | G68: 21 | H68: 51 | I68: 95 | J68: 179 | K68: AC
A69: 61 | B69: SHAURYA BORGAVKAR | C69: 27374439 | D69: 66 | E69: 47 | F69: 48 | G69: 119 | H69: 64 | I69: 39 | J69: 178 | K69: PANDHARPUR
A70: 62 | B70: PALLAVI PARSHURAM KOLI | C70: 27369945 | D70: 50 | E70: 102 | F70: 76 | G70: 24 | H70: 51 | I70: 95 | J70: 177 | K70: JS | L70: WIZ
A71: 63 | B71: TEJAS SURESH HIPPARGI | C71: 27337511 | D71: 68 | E71: 40 | F71: 65 | G71: 60 | H71: 44 | I71: 129 | J71: 177 | K71: JS | L71: WIZ
A72: 64 | B72: SHREYA ANIL ANKOLIKAR | C72: 27358598 | D72: 60 | E72: 64 | F72: 62 | G72: 65 | H72: 54 | I72: 78 | J72: 176 | K72: JS | L72: WOW
A73: 65 | B73: ADESH SOPAN PARDE | C73: 27380580 | D73: 64 | E73: 52 | F73: 39 | G73: 160 | H73: 73 | I73: 26 | J73: 176 | K73: JS | L73: WOW
A74: 66 | B74: SHRAVNI VIJAY BHOSALE | C74: 27379233 | D74: 57 | E74: 73 | F74: 56 | G74: 86 | H74: 61 | I74: 55 | J74: 174 | K74: JS | L74: WOW
A75: 67 | B75: YATHARTH YADAV | C75: 27362914 | D75: 55 | E75: 82 | F75: 68 | G75: 50 | H75: 51 | I75: 95 | J75: 174 | K75: JS | L75: WOW
A76: 68 | B76: SHREYA OGEPPA SONAGE | C76: 27371081 | D76: 69 | E76: 38 | F76: 47 | G76: 125 | H76: 58 | I76: 63 | J76: 174 | K76: JS | L76: WIZ
A77: 69 | B77: HARSHWARDHAN DNYANESHWAR BABAR | C77: 27374819 | D77: 67 | E77: 41 | F77: 50 | G77: 108 | H77: 57 | I77: 67 | J77: 174 | K77: JS | L77: WIZ
A78: 70 | B78: PRATIK MHAMANE | C78: 27349683 | D78: 42 | E78: 134 | F78: 70 | G78: 44 | H78: 62 | I78: 47 | J78: 174 | K78: HO | L78: WIZ
A79: 71 | B79: AKSHARA KOTHARI | C79: 27357834 | D79: 63 | E79: 57 | F79: 58 | G79: 79 | H79: 52 | I79: 86 | J79: 173 | K79: PANDHARPUR
A80: 72 | B80: ANSHULA MAHESH KSHIRSAGAR | C80: 27371691 | D80: 45 | E80: 114 | F80: 60 | G80: 69 | H80: 68 | I80: 32 | J80: 173 | K80: AC
A81: 73 | B81: OM ANIL ASNANI | C81: 27363602 | D81: 45 | E81: 114 | F81: 70 | G81: 44 | H81: 58 | I81: 63 | J81: 173 | K81: HO | L81: WIZ
A82: 74 | B82: VIDYA KISHOR BARAD | C82: 27348907 | D82: 60 | E82: 64 | F82: 55 | G82: 88 | H82: 58 | I82: 63 | J82: 173 | K82: HO | L82: WIZ
A83: 75 | B83: SAMRUDDHI SHANKAR MANE | C83: 27358912 | D83: 44 | E83: 123 | F83: 65 | G83: 60 | H83: 63 | I83: 41 | J83: 172 | K83: HO | L83: WIZ
A84: 76 | B84: NEIL SHIVRAJ SHRIRAM | C84: 27380936 | D84: 66 | E84: 47 | F84: 53 | G84: 95 | H84: 52 | I84: 86 | J84: 171 | K84: JS | L84: WOW
A85: 77 | B85: OM NARENDRA SUPEKAR | C85: 27383900 | D85: 58 | E85: 70 | F85: 59 | G85: 75 | H85: 54 | I85: 78 | J85: 171 | K85: PANDHARPUR
A86: 78 | B86: PRATHEMESH BADAVE | C86: 27355088 | D86: 70 | E86: 31 | F86: 47 | G86: 125 | H86: 53 | I86: 82 | J86: 170 | K86: PANDHARPUR
A87: 79 | B87: VIGHNESH ABHAY MALANG | C87: 27347562 | D87: 55 | E87: 82 | F87: 72 | G87: 35 | H87: 42 | I87: 142 | J87: 169 | K87: AC
A88: 80 | B88: ANUJ MANOJ JADHAV | C88: 27372856 | D88: 59 | E88: 68 | F88: 72 | G88: 35 | H88: 38 | I88: 172 | J88: 169 | K88: JS | L88: WIZ
A89: 81 | B89: ATHARVA RAGHVENDRA KARAJGIKAR | C89: 27337884 | D89: 52 | E89: 96 | F89: 60 | G89: 69 | H89: 56 | I89: 71 | J89: 168 | K89: JS | L89: WIZ
A90: 82 | B90: MAHIR DEEPAK PATEL | C90: 27343230 | D90: 45 | E90: 114 | F90: 60 | G90: 69 | H90: 62 | I90: 47 | J90: 167 | K90: HO | L90: WIZ
A91: 83 | B91: NIHAL NADAF | C91: 27357543 | D91: 66 | E91: 47 | F91: 48 | G91: 119 | H91: 52 | I91: 86 | J91: 166 | K91: PANDHARPUR
A92: 84 | B92: VAISHNAVI VAIBHAV MORE | C92: 27344697 | D92: 55 | E92: 82 | F92: 75 | G92: 27 | H92: 35 | I92: 183 | J92: 165 | K92: JS | L92: WOW
A93: 85 | B93: TANISHKA SHRIKANT MELGEPATIL | C93: 27350087 | D93: 50 | E93: 102 | F93: 63 | G93: 62 | H93: 51 | I93: 95 | J93: 164 | K93: HO | L93: WIZ
A94: 86 | B94: SAMIKSHA VIJAYSINH CHOBE | C94: 27360251 | D94: 54 | E94: 87 | F94: 62 | G94: 65 | H94: 47 | I94: 114 | J94: 163 | K94: HO | L94: WIZ
A95: 87 | B95: RUGWED RAMESH PATIL | C95: 27341275 | D95: 52 | E95: 96 | F95: 46 | G95: 127 | H95: 65 | I95: 37 | J95: 163 | K95: JS | L95: WIZ
A96: 88 | B96: MAHVISH MOHAMMAD ASIF SHAIKH | C96: 27362434 | D96: 45 | E96: 114 | F96: 58 | G96: 79 | H96: 59 | I96: 62 | J96: 162 | K96: HO | L96: WIZ
A97: 89 | B97: SAMRUDDHI BHALKE | C97: 27371106 | D97: 64 | E97: 52 | F97: 43 | G97: 143 | H97: 52 | I97: 86 | J97: 159 | K97: JS | L97: WIZ
A98: 90 | B98: SHRUTI RAVIKUMAR MANGRULE | C98: 27373601 | D98: 45 | E98: 114 | F98: 49 | G98: 115 | H98: 63 | I98: 41 | J98: 157 | K98: JS | L98: WIZ
A99: 91 | B99: MAYURI MANGESH SONAWANE | C99: 27377971 | D99: 42 | E99: 134 | F99: 37 | G99: 173 | H99: 73 | I99: 26 | J99: 152 | K99: JS | L99: WOW
A100: 92 | B100: AVANTI ANIL JAGTAP | C100: 27346925 | D100: 70 | E100: 31 | F100: 37 | G100: 173 | H100: 43 | I100: 135 | J100: 150 | K100: JS | L100: WIZ
...

Sheet BRTEST-322ND MARCH 26
A1: BAKLIWAL TUTORIALS
A2: JEE - 2027 BRTEST - 03 (CET FORMAT) RESULT 22nd MARCH 2026
A3: TOP 107 STUDENT IN THE SUBJECT
A4: 108 - 214 STUDENT IN THE SUBJECT
A5: 215 - 322 STUDENT IN THE SUBJECT
B6: MEDIAN MARKS | D6: 21 | F6: 24 | H6: 72 | J6: 91
B7: MAX | D7: 50 | F7: 50 | H7: 100 | J7: 200
A8: TOTAL RANK | B8: STUDENT NAME | C8: ROLL NO | D8: PHY | E8: PHY RANK | F8: CHEM | G8: CHE RANK | H8: MATHS | I8: MATH RANK | J8: TOTAL | K8: BRANCH | L8: BATCH
A9: 1 | B9: JAYRAJ HUGAR | C9: 23000008 | D9: 36 | E9: 14 | F9: 36 | G9: 8 | H9: 94 | I9: 1 | J9: 166 | K9: JS | L9: =VLOOKUP(C9,Sheet20!$C$2:$D$280,2,0) -> WOW
A10: 2 | B10: ANIMESH CHAVAN | C10: 23000004 | D10: 43 | E10: 5 | F10: 39 | G10: 3 | H10: 84 | I10: 5 | J10: 166 | K10: JS | L10: =VLOOKUP(C10,Sheet20!$C$2:$D$280,2,0) -> WOW
A11: 3 | B11: KARTIK KULKARNI | C11: 23000009 | D11: 44 | E11: 3 | F11: 36 | G11: 8 | H11: 82 | I11: 8 | J11: 162 | K11: JS | L11: =VLOOKUP(C11,Sheet20!$C$2:$D$280,2,0) -> WOW
A12: 4 | B12: PRAGUN VINEET RATHI | C12: 27343975 | D12: 37 | E12: 12 | F12: 36 | G12: 8 | H12: 84 | I12: 5 | J12: 157 | K12: JS | L12: =VLOOKUP(C12,Sheet20!$C$2:$D$280,2,0) -> WOW
A13: 5 | B13: SHREYASH KORE | C13: 27353597 | D13: 45 | E13: 2 | F13: 39 | G13: 3 | H13: 70 | I13: 27 | J13: 154 | K13: PANDHARPUR | L13: =VLOOKUP(C13,Sheet20!$C$2:$D$280,2,0) -> #N/A
A14: 6 | B14: ARYAN SHAMKUMAR DESHMUKH | C14: 27343303 | D14: 33 | E14: 21 | F14: 34 | G14: 14 | H14: 86 | I14: 3 | J14: 153 | K14: JS | L14: =VLOOKUP(C14,Sheet20!$C$2:$D$280,2,0) -> WOW
A15: 7 | B15: RAJDEEP KHANDU GAIKWAD | C15: 27343132 | D15: 40 | E15: 7 | F15: 26 | G15: 67 | H15: 86 | I15: 3 | J15: 152 | K15: JS | L15: =VLOOKUP(C15,Sheet20!$C$2:$D$280,2,0) -> WOW
A16: 8 | B16: KETKI KULKARNI | C16: 23000010 | D16: 39 | E16: 8 | F16: 41 | G16: 1 | H16: 72 | I16: 24 | J16: 152 | K16: JS | L16: =VLOOKUP(C16,Sheet20!$C$2:$D$280,2,0) -> WOW
A17: 9 | B17: SURYAANSH SHRINIWAS CHIPPA | C17: 27363118 | D17: 24 | E17: 86 | F17: 38 | G17: 6 | H17: 88 | I17: 2 | J17: 150 | K17: HO | L17: =VLOOKUP(C17,Sheet20!$C$2:$D$280,2,0) -> WIZ
A18: 10 | B18: PRATHEMESH BADAVE | C18: 27355088 | D18: 39 | E18: 8 | F18: 32 | G18: 22 | H18: 78 | I18: 13 | J18: 149 | K18: PANDHARPUR | L18: =VLOOKUP(C18,Sheet20!$C$2:$D$280,2,0) -> #N/A
A19: 11 | B19: AISHWARJA BEHERA | C19: 27356474 | D19: 47 | E19: 1 | F19: 40 | G19: 2 | H19: 62 | I19: 54 | J19: 149 | K19: JS | L19: =VLOOKUP(C19,Sheet20!$C$2:$D$280,2,0) -> WOW
A20: 12 | B20: SANKET SHIVAPUTRA BUKKANURE | C20: 27333715 | D20: 39 | E20: 8 | F20: 30 | G20: 33 | H20: 80 | I20: 9 | J20: 149 | K20: JS | L20: =VLOOKUP(C20,Sheet20!$C$2:$D$280,2,0) -> WOW
... A230: 222 | B230: ASHLESHA JAVHERI | C230: 27354451 | D230: 17 | E230: 191 | F230: 22 | G230: 117 | H230: 32 | I230: 254 | J230: 71 | K230: PANDHARPUR | L230: =VLOOKUP(C230,Sheet20!$C$2:$D$280,2,0) -> #N/A
A231: 223 | B231: SAKSHI PRAVIN CHAVARE | C231: 27391269 | D231: 17 | E231: 191 | F231: 18 | G231: 182 | H231: 36 | I231: 229 | J231: 71 | L231: =VLOOKUP(C231,Sheet20!$C$2:$D$280,2,0) -> WIZ
A232: 224 | B232: VAISHNAVI GADADE | C232: 27372431 | D232: 14 | E232: 235 | F232: 11 | G232: 287 | H232: 46 | I232: 152 | J232: 71 | K232: JS | L232: =VLOOKUP(C232,Sheet20!$C$2:$D$280,2,0) -> COC
A233: 225 | B233: AARUSHI SHITAL TINGARE | C233: 27337942 | D233: 14 | E233: 235 | F233: 15 | G233: 240 | H233: 42 | I233: 191 | J233: 71 | K233: JS | L233: =VLOOKUP(C233,Sheet20!$C$2:$D$280,2,0) -> COC
A234: 226 | B234: DEVANSH PANKAJ RAJANI | C234: 27365587 | D234: 13 | E234: 251 | F234: 18 | G234: 182 | H234: 40 | I234: 210 | J234: 71 | K234: HO | L234: =VLOOKUP(C234,Sheet20!$C$2:$D$280,2,0) -> COC
A235: 227 | B235: HARSHWARDHAN GANESH SOMA | C235: 27364803 | D235: 23 | E235: 96 | F235: 10 | G235: 297 | H235: 38 | I235: 220 | J235: 71 | K235: AC | L235: =VLOOKUP(C235,Sheet20!$C$2:$D$280,2,0) -> #N/A
A236: 228 | B236: VINAY KRISHNAHARI BURA | C236: 27351464 | D236: 18 | E236: 177 | F236: 17 | G236: 197 | H236: 36 | I236: 229 | J236: 71 | K236: AC | L236: =VLOOKUP(C236,Sheet20!$C$2:$D$280,2,0) -> #N/A
A237: 229 | B237: PRASAD SURESH KOLI | C237: 27376074 | D237: 14 | E237: 235 | F237: 12 | G237: 271 | H237: 44 | I237: 168 | J237: 70 | K237: JS | L237: =VLOOKUP(C237,Sheet20!$C$2:$D$280,2,0) -> COC
A238: 230 | B238: YUVRAJ MALLINATH KADATE | C238: 27377658 | D238: 18 | E238: 177 | F238: 16 | G238: 214 | H238: 36 | I238: 229 | J238: 70 | K238: HO | L238: =VLOOKUP(C238,Sheet20!$C$2:$D$280,2,0) -> COC
A239: 231 | B239: PIYUSH SACHIN MALGONDE | C239: 27356501 | D239: 17 | E239: 191 | F239: 21 | G239: 131 | H239: 32 | I239: 254 | J239: 70 | K239: HO | L239: =VLOOKUP(C239,Sheet20!$C$2:$D$280,2,0) -> COC
A240: 232 | B240: SHREYA KHATAWKAR | C240: 27355399 | D240: 16 | E240: 203 | F240: 19 | G240: 165 | H240: 34 | I240: 244 | J240: 69 | K240: PANDHARPUR | L240: =VLOOKUP(C240,Sheet20!$C$2:$D$280,2,0) -> #N/A
A241: 233 | B241: VARAD BHANDARKAWATHEKAR | C241: 27383780 | D241: 16 | E241: 203 | F241: 21 | G241: 131 | H241: 32 | I241: 254 | J241: 69 | K241: PANDHARPUR | L241: =VLOOKUP(C241,Sheet20!$C$2:$D$280,2,0) -> #N/A
A242: 234 | B242: SRUSHTI SHANKAR INGOLE | C242: 27388793 | D242: 13 | E242: 251 | F242: 26 | G242: 67 | H242: 30 | I242: 272 | J242: 69 | K242: JS | L242: =VLOOKUP(C242,Sheet20!$C$2:$D$280,2,0) -> WIZ
A243: 235 | B243: AMRUTA AUDHUMBAR CHAVARE | C243: 27367797 | D243: 16 | E243: 203 | F243: 13 | G243: 260 | H243: 40 | I243: 210 | J243: 69 | K243: JS | L243: =VLOOKUP(C243,Sheet20!$C$2:$D$280,2,0) -> COC
... A306: 298 | B306: SANIKA SUDHIR PATIL | C306: 27377228 | D306: 15 | E306: 222 | F306: 8 | G306: 312 | H306: 26 | I306: 294 | J306: 49 | K306: JS | L306: =VLOOKUP(C306,Sheet20!$C$2:$D$280,2,0) -> COC
A307: 299 | B307: PRAGATI VIJAYKUMAR LANDAGE | C307: 27376387 | D307: 10 | E307: 290 | F307: 15 | G307: 240 | H307: 24 | I307: 301 | J307: 49 | L307: =VLOOKUP(C307,Sheet20!$C$2:$D$280,2,0) -> COC
A308: 300 | B308: SHREYASH NAGENDRA GOTE | C308: 27369836 | D308: 10 | E308: 290 | F308: 15 | G308: 240 | H308: 24 | I308: 301 | J308: 49 | K308: HO | L308: =VLOOKUP(C308,Sheet20!$C$2:$D$280,2,0) -> COC
A309: 301 | B309: OM SHIVRAM KONDHARE | C309: 27379599 | D309: 20 | E309: 140 | F309: 11 | G309: 287 | H309: 18 | I309: 312 | J309: 49 | K309: HO | L309: =VLOOKUP(C309,Sheet20!$C$2:$D$280,2,0) -> COC
A310: 302 | B310: ADITYA RAVIKUMAR DASARI | C310: 27366587 | D310: 13 | E310: 251 | F310: 20 | G310: 150 | H310: 16 | I310: 314 | J310: 49 | K310: AC | L310: =VLOOKUP(C310,Sheet20!$C$2:$D$280,2,0) -> #N/A
A311: 303 | B311: YASH ANIL KATTIMANI | C311: 27390309 | D311: 8 | E311: 306 | F311: 10 | G311: 297 | H311: 30 | I311: 272 | J311: 48 | L311: =VLOOKUP(C311,Sheet20!$C$2:$D$280,2,0) -> WIZ
A312: 304 | B312: AMRUTA RAVINDRA PATIL | C312: 27389931 | D312: 11 | E312: 279 | F312: 9 | G312: 302 | H312: 28 | I312: 282 | J312: 48 | K312: JS | L312: =VLOOKUP(C312,Sheet20!$C$2:$D$280,2,0) -> WIZ
A313: 305 | B313: MADIHA FIRDOS SHAIKH | C313: 27349512 | D313: 11 | E313: 279 | F313: 13 | G313: 260 | H313: 24 | I313: 301 | J313: 48 | K313: HO | L313: =VLOOKUP(C313,Sheet20!$C$2:$D$280,2,0) -> COC
A314: 306 | B314: SRUSHTI NITIN GUND | C314: 27391412 | D314: 12 | E314: 262 | F314: 13 | G314: 260 | H314: 22 | I314: 305 | J314: 47 | L314: =VLOOKUP(C314,Sheet20!$C$2:$D$280,2,0) -> WIZ
A315: 307 | B315: ALOK SATISH PATED | C315: 27345022 | D315: 14 | E315: 235 | F315: 12 | G315: 271 | H315: 20 | I315: 308 | J315: 46 | K315: JS | L315: =VLOOKUP(C315,Sheet20!$C$2:$D$280,2,0) -> COC
A316: 308 | B316: ADITYA VISHWAKARMA | C316: 27349499 | D316: 13 | E316: 251 | F316: 11 | G316: 287 | H316: 22 | I316: 305 | J316: 46 | K316: HO | L316: =VLOOKUP(C316,Sheet20!$C$2:$D$280,2,0) -> COC
A317: 309 | B317: SOHAM KAVARE | C317: 27354850 | D317: 5 | E317: 321 | F317: 12 | G317: 271 | H317: 28 | I317: 282 | J317: 45 | K317: PANDHARPUR | L317: =VLOOKUP(C317,Sheet20!$C$2:$D$280,2,0) -> #N/A
A318: 310 | B318: SAI RAMDAS MALACHE | C318: 27359484 | D318: 13 | E318: 251 | F318: 9 | G318: 302 | H318: 22 | I318: 305 | J318: 44 | K318: HO | L318: =VLOOKUP(C318,Sheet20!$C$2:$D$280,2,0) -> COC
A319: 311 | B319: ARUSHI SAGAR LAWANGE | C319: 27359823 | D319: 6 | E319: 316 | F319: 18 | G319: 182 | H319: 20 | I319: 308 | J319: 44 | K319: HO | L319: =VLOOKUP(C319,Sheet20!$C$2:$D$280,2,0) -> COC
A320: 312 | B320: HARSHITA ARUN PATALE | C320: 27340069 | D320: 14 | E320: 235 | F320: 8 | G320: 312 | H320: 20 | I320: 308 | J320: 42 | K320: AC | L320: =VLOOKUP(C320,Sheet20!$C$2:$D$280,2,0) -> #N/A
A321: 313 | B321: SIDDHI SUDHAKAR MORE | C321: 27379411 | D321: 7 | E321: 313 | F321: 11 | G321: 287 | H321: 20 | I321: 308 | J321: 38 | K321: JS | L321: =VLOOKUP(C321,Sheet20!$C$2:$D$280,2,0) -> COC
A322: 314 | B322: SUSMIT SALGAR | C322: 27390521 | D322: 6 | E322: 316 | F322: 6 | G322: 317 | H322: 26 | I322: 294 | J322: 38 | K322: HO | L322: =VLOOKUP(C322,Sheet20!$C$2:$D$280,2,0) -> COC
A323: 315 | B323: SHRAVANI SANTOSH BHANDARI | C323: 27375932 | D323: 9 | E323: 300 | F323: 12 | G323: 271 | H323: 16 | I323: 314 | J323: 37 | K323: AC | L323: =VLOOKUP(C323,Sheet20!$C$2:$D$280,2,0) -> #N/A
A324: 316 | B324: ABHIMANYU VISHWAJIT PATIL | C324: 27383370 | D324: 7 | E324: 313 | F324: 11 | G324: 287 | H324: 18 | I324: 312 | J324: 36 | K324: JS | L324: =VLOOKUP(C324,Sheet20!$C$2:$D$280,2,0) -> COC
A325: 317 | B325: SUYASH CHABUKSWAR | C325: 27371407 | D325: 10 | E325: 290 | F325: 13 | G325: 260 | H325: 12 | I325: 319 | J325: 35 | K325: JS | L325: =VLOOKUP(C325,Sheet20!$C$2:$D$280,2,0) -> COC
A326: 318 | B326: SAMARTH A KALE | C326: 27357264 | D326: 12 | E326: 262 | F326: 9 | G326: 302 | H326: 14 | I326: 318 | J326: 35 | K326: HO | L326: =VLOOKUP(C326,Sheet20!$C$2:$D$280,2,0) -> COC
... A330: 322 | B330: SHIVA SOMNATH CHOUDHARI | C330: 27355408 | D330: 10 | E330: 290 | F330: 1 | G330: 322 | H330: 10 | I330: 321 | J330: 21 | K330: AC | L330: =VLOOKUP(C330,Sheet20!$C$2:$D$280,2,0) -> #N/A
A331: STUDENTS WHOSE NAMES ARE NOT IN RANK LIST,WERE ABSENT FOR THE TEST

Sheet BTEST-95TH APR 26
A1: BAKLIWAL TUTORIALS
A2: JEE-2027 MAINS BTEST - 09 RESULT 05th APRIL 2026
A3: TOP 112 STUDENTS IN THE SUBJECT
A4: 113 - 224 STUDENTS IN THE SUBJECT
A5: 225 - 337 STUDENTS IN THE SUBJECT
B6: MEDIAN MARKS | D6: 46 | F6: 45 | H6: 26 | J6: 119
B7: MAX | D7: 100 | F7: 100 | H7: 100 | J7: 300
A8: TOTAL RANK | B8: STUDENT NAME | C8: ROLL NO. | D8: PHY | E8: PHY RANK | F8: CHEM | G8: CHE RANK | H8: MATHS | I8: MATH RANK | J8: TOTAL | K8: BRANCH | L8: BATCH
A9: 1 | B9: ISHAN PHADE | C9: 27353204 | D9: 100 | E9: 1 | F9: 90 | G9: 1 | H9: 95 | I9: 1 | J9: 285 | K9: PANDHARPUR
A10: 2 | B10: SANKET SHIVAPUTRA BUKKANURE | C10: 27333715 | D10: 95 | E10: 3 | F10: 85 | G10: 4 | H10: 85 | I10: 3 | J10: 265 | K10: JS | L10: WOW
A11: 3 | B11: JAYRAJ HUGAR | C11: 23000008 | D11: 90 | E11: 5 | F11: 80 | G11: 10 | H11: 86 | I11: 2 | J11: 256 | K11: JS | L11: WOW
A12: 4 | B12: KETKI KULKARNI | C12: 23000010 | D12: 100 | E12: 1 | F12: 75 | G12: 15 | H12: 65 | I12: 16 | J12: 240 | K12: JS | L12: WOW
A13: 5 | B13: PRAGUN VINEET RATHI | C13: 27343975 | D13: 87 | E13: 8 | F13: 75 | G13: 15 | H13: 77 | I13: 6 | J13: 239 | K13: JS | L13: WOW
A14: 6 | B14: ARNAV THITE | C14: 26850027 | D14: 85 | E14: 13 | F14: 81 | G14: 7 | H14: 73 | I14: 8 | J14: 239 | K14: JS | L14: WOW
A15: 7 | B15: SUMIT ANNASAHEB TAKADE | C15: 27371780 | D15: 91 | E15: 4 | F15: 68 | G15: 38 | H15: 79 | I15: 5 | J15: 238 | K15: JS | L15: WOW
A16: 8 | B16: RAJDEEP KHANDU GAIKWAD | C16: 27343132 | D16: 90 | E16: 5 | F16: 71 | G16: 30 | H16: 73 | I16: 8 | J16: 234 | K16: JS | L16: WOW
A17: 9 | B17: AKHILESH GAIKWAD | C17: 25800203 | D17: 86 | E17: 9 | F17: 70 | G17: 32 | H17: 68 | I17: 13 | J17: 224 | K17: JS | L17: WOW
A18: 10 | B18: PIYUSH PAWAR | C18: 25800415 | D18: 74 | E18: 42 | F18: 73 | G18: 23 | H18: 75 | I18: 7 | J18: 222 | K18: JS | L18: WOW
A19: 11 | B19: HARSHADA SUSHILKUMAR EKBOTE | C19: 27360150 | D19: 86 | E19: 9 | F19: 81 | G19: 7 | H19: 54 | I19: 26 | J19: 221 | K19: AC
A20: 12 | B20: ANIMESH CHAVAN | C20: 23000004 | D20: 76 | E20: 35 | F20: 72 | G20: 27 | H20: 69 | I20: 11 | J20: 217 | K20: JS | L20: WOW
A21: 13 | B21: SATVIKA MORE | C21: 23000017 | D21: 62 | E21: 85 | F21: 75 | G21: 15 | H21: 80 | I21: 4 | J21: 217 | K21: JS | L21: WOW
A22: 14 | B22: VEDASHRI NAGNATH MUNGAPATIL | C22: 27377476 | D22: 73 | E22: 44 | F22: 76 | G22: 13 | H22: 64 | I22: 17 | J22: 213 | K22: AC
A23: 15 | B23: KARTIK KULKARNI | C23: 23000009 | D23: 85 | E23: 13 | F23: 70 | G23: 32 | H23: 57 | I23: 21 | J23: 212 | K23: JS | L23: WOW
A24: 16 | B24: SURYAANSH SHRINIWAS CHIPPA | C24: 27363118 | D24: 75 | E24: 38 | F24: 81 | G24: 7 | H24: 55 | I24: 24 | J24: 211 | K24: HO | L24: WIZ
A25: 17 | B25: SHREYA ANIL ANKOLIKAR | C25: 27358598 | D25: 86 | E25: 9 | F25: 72 | G25: 27 | H25: 49 | I25: 38 | J25: 207 | K25: JS | L25: WIZ
A26: 18 | B26: YATHARTH APPASAHEB PATIL | C26: 27344511 | D26: 75 | E26: 38 | F26: 70 | G26: 32 | H26: 62 | I26: 18 | J26: 207 | K26: JS | L26: WOW
A27: 19 | B27: ARJUN RANJEET PATIL | C27: 27340819 | D27: 70 | E27: 52 | F27: 90 | G27: 1 | H27: 45 | I27: 49 | J27: 205 | K27: JS | L27: WOW
A28: 20 | B28: OJAS HUMNABADKAR | C28: 25800325 | D28: 77 | E28: 30 | F28: 55 | G28: 101 | H28: 72 | I28: 10 | J28: 204 | K28: JS | L28: WOW
A29: 21 | B29: AVADHOOT KULKARNI | C29: 27361589 | D29: 75 | E29: 38 | F29: 80 | G29: 10 | H29: 48 | I29: 42 | J29: 203 | K29: JS | L29: WOW
A30: 22 | B30: ADESH SOPAN PARDE | C30: 27380580 | D30: 78 | E30: 27 | F30: 76 | G30: 13 | H30: 49 | I30: 38 | J30: 203 | K30: JS | L30: WOW
A31: 23 | B31: PRATIK VILAS VALLAKATI | C31: 27367699 | D31: 76 | E31: 35 | F31: 58 | G31: 85 | H31: 67 | I31: 14 | J31: 201 | K31: AC
A32: 24 | B32: VARAD MALANI | C32: 27194907 | D32: 82 | E32: 20 | F32: 68 | G32: 38 | H32: 50 | I32: 36 | J32: 200 | K32: JS | L32: WOW
A33: 25 | B33: VEDIKA REVANSIDDHA ANDHALKAR | C33: 27380101 | D33: 72 | E33: 47 | F33: 75 | G33: 15 | H33: 49 | I33: 38 | J33: 196 | K33: JS | L33: WOW
A34: 26 | B34: SARTHAK KATEKAR | C34: 27357191 | D34: 70 | E34: 52 | F34: 85 | G34: 4 | H34: 40 | I34: 64 | J34: 195 | K34: PANDHARPUR
A35: 27 | B35: ARYAN SHAMKUMAR DESHMUKH | C35: 27343303 | D35: 80 | E35: 22 | F35: 75 | G35: 15 | H35: 35 | I35: 89 | J35: 190 | K35: JS | L35: WOW
A36: 28 | B36: SNEHAL SANTOSH NARAYANKAR | C36: 27370456 | D36: 76 | E36: 35 | F36: 73 | G36: 23 | H36: 40 | I36: 64 | J36: 189 | K36: JS | L36: WIZ
A37: 29 | B37: VAISHNAVI VAIBHAV MORE | C37: 27344697 | D37: 85 | E37: 13 | F37: 63 | G37: 62 | H37: 41 | I37: 61 | J37: 189 | K37: JS | L37: WOW
A38: 30 | B38: SAMRUDDHI RAJENDRAKUMAR KOLEKAR | C38: 27368316 | D38: 85 | E38: 13 | F38: 61 | G38: 70 | H38: 42 | I38: 59 | J38: 188 | K38: JS | L38: WIZ
A39: 31 | B39: TRISHA SHANKAR BHANDARI | C39: 27350345 | D39: 77 | E39: 30 | F39: 63 | G39: 62 | H39: 48 | I39: 42 | J39: 188 | K39: HO | L39: WOW
A40: 32 | B40: SHREYASH KORE | C40: 27353597 | D40: 55 | E40: 121 | F40: 75 | G40: 15 | H40: 57 | I40: 21 | J40: 187 | K40: PANDHARPUR
A41: 33 | B41: ANANYA GOVIND ANAGUNDE | C41: 27339321 | D41: 69 | E41: 57 | F41: 65 | G41: 53 | H41: 53 | I41: 31 | J41: 187 | K41: JS | L41: WIZ
A42: 34 | B42: SRUSHTI RAJENDRA GHADAGE | C42: 27362786 | D42: 83 | E42: 19 | F42: 69 | G42: 35 | H42: 34 | I42: 92 | J42: 186 | K42: JS | L42: WOW
A43: 35 | B43: SHREYA CHITNIS | C43: 27352438 | D43: 63 | E43: 81 | F43: 67 | G43: 42 | H43: 56 | I43: 23 | J43: 186 | K43: PANDHARPUR
A44: 36 | B44: SHRIJIT BHOSALE | C44: 27384156 | D44: 72 | E44: 47 | F44: 73 | G44: 23 | H44: 39 | I44: 70 | J44: 184 | K44: HO | L44: WIZ
A45: 37 | B45: SHREYA VIJAYKUMAR BIRADAR | C45: 27340955 | D45: 67 | E45: 61 | F45: 64 | G45: 59 | H45: 53 | I45: 31 | J45: 184 | K45: HO | L45: WOW
A46: 38 | B46: VAISHNAVI ALAND | C46: 27347172 | D46: 67 | E46: 61 | F46: 63 | G46: 62 | H46: 54 | I46: 26 | J46: 184 | K46: JS | L46: WOW
A47: 39 | B47: SAMIKSHA VIJAYSINH CHOBE | C47: 27360251 | D47: 60 | E47: 96 | F47: 72 | G47: 27 | H47: 51 | I47: 34 | J47: 183 | K47: HO | L47: WIZ
A48: 40 | B48: SHRAVNI ARVIND GIRAM | C48: 27337339 | D48: 85 | E48: 13 | F48: 59 | G48: 80 | H48: 39 | I48: 70 | J48: 183 | K48: JS | L48: WOW
A49: 41 | B49: AKSHARA KOTHARI | C49: 27357834 | D49: 78 | E49: 27 | F49: 87 | G49: 3 | H49: 18 | I49: 241 | J49: 183 | K49: PANDHARPUR
A50: 42 | B50: AKSHATA SUDARSHAN KARAJGIKAR | C50: 27336079 | D50: 64 | E50: 78 | F50: 65 | G50: 53 | H50: 54 | I50: 26 | J50: 183 | K50: JS | L50: WOW
A51: 43 | B51: GIRISH VITHAL NARANGKAR | C51: 27377063 | D51: 85 | E51: 13 | F51: 66 | G51: 49 | H51: 30 | I51: 127 | J51: 181 | K51: JS | L51: WOW
A52: 44 | B52: PRATIK MHAMANE | C52: 27349683 | D52: 59 | E52: 104 | F52: 75 | G52: 15 | H52: 46 | I52: 48 | J52: 180 | K52: HO | L52: WIZ
A53: 45 | B53: AMOL SIDDHARAM BHADANGE | C53: 27370899 | D53: 62 | E53: 85 | F53: 52 | G53: 119 | H53: 66 | I53: 15 | J53: 180 | K53: JS | L53: WOW
A54: 46 | B54: SHRAVNI VIJAY BHOSALE | C54: 27379233 | D54: 79 | E54: 24 | F54: 67 | G54: 42 | H54: 33 | I54: 99 | J54: 179 | K54: HO | L54: WIZ
A55: 47 | B55: ARYAN SACHIN BHOSALE | C55: 27358884 | D55: 90 | E55: 5 | F55: 55 | G55: 101 | H55: 34 | I55: 92 | J55: 179 | K55: JS | L55: WOW
A56: 48 | B56: HARSH MANKAR | C56: 25800427 | D56: 61 | E56: 92 | F56: 71 | G56: 30 | H56: 47 | I56: 45 | J56: 179 | K56: JS | L56: WIZ
A57: 49 | B57: ARUSH AJIT KULKARNI | C57: 27109976 | D57: 77 | E57: 30 | F57: 62 | G57: 68 | H57: 40 | I57: 64 | J57: 179 | K57: JS | L57: WOW
A58: 50 | B58: HARSHVARDHAN CHOUDHARI | C58: 27338488 | D58: 62 | E58: 85 | F58: 53 | G58: 110 | H58: 60 | I58: 19 | J58: 175 | K58: JS | L58: WOW
A59: 51 | B59: MAHVISH MOHAMMAD ASIF SHAIKH | C59: 27362434 | D59: 62 | E59: 85 | F59: 68 | G59: 38 | H59: 44 | I59: 52 | J59: 174 | K59: HO | L59: WIZ
A60: 52 | B60: ANNAPURANA SHAILENDRA KANAKI | C60: 27361678 | D60: 66 | E60: 70 | F60: 82 | G60: 6 | H60: 25 | I60: 172 | J60: 173 | K60: AC | L60: WOW
A61: 53 | B61: PRAJAKTA SANTOSH SHELAR | C61: 27378341 | D61: 86 | E61: 9 | F61: 52 | G61: 119 | H61: 34 | I61: 92 | J61: 172 | K61: JS | L61: WOW
... A63: 55 | B63: SHRUTI SHIVAJI KANHERE | C63: 27370128 | D63: 59 | E63: 104 | F63: 53 | G63: 110 | H63: 59 | I63: 20 | J63: 171 | K63: JS | L63: WIZ
A64: 56 | B64: PRADYUMN DESHMUKH | C64: 27353065 | D64: 66 | E64: 70 | F64: 56 | G64: 93 | H64: 48 | I64: 42 | J64: 170 | K64: PANDHARPUR
A65: 57 | B65: SHAMIK SUBHASH GAIKWAD | C65: 27370076 | D65: 82 | E65: 20 | F65: 49 | G65: 140 | H65: 38 | I65: 77 | J65: 169 | K65: JS | L65: WOWWIZ
A66: 58 | B66: SHIVSHARAN SANGALLE | C66: 23000018 | D66: 67 | E66: 61 | F66: 63 | G66: 62 | H66: 38 | I66: 77 | J66: 168 | K66: JS | L66: WIZ
A67: 59 | B67: ONKAR GANDULE | C67: 27354926 | D67: 61 | E67: 92 | F67: 57 | G67: 91 | H67: 50 | I67: 36 | J67: 168 | K67: PANDHARPUR
A68: 60 | B68: SHRIYANI RAJU ADAM | C68: 27353103 | D68: 70 | E68: 52 | F68: 60 | G68: 74 | H68: 37 | I68: 81 | J68: 167 | K68: AC
A69: 61 | B69: HARSHIT SANTOSHKUMAR THAKUR | C69: 27378713 | D69: 78 | E69: 27 | F69: 52 | G69: 119 | H69: 36 | I69: 85 | J69: 166 | K69: JS | L69: WOW
A70: 62 | B70: OM KARAPE | C70: 27357610 | D70: 45 | E70: 173 | F70: 64 | G70: 59 | H70: 55 | I70: 24 | J70: 164 | K70: PANDHARPUR
A71: 63 | B71: REHAN MOHIB SHAIKH | C71: 27365104 | D71: 56 | E71: 114 | F71: 77 | G71: 12 | H71: 31 | I71: 123 | J71: 164 | K71: AC
A72: 64 | B72: HARSHVARDHAN DHANANJAY LAMKANE | C72: 27367531 | D72: 58 | E72: 107 | F72: 61 | G72: 70 | H72: 44 | I72: 52 | J72: 163 | K72: HO | L72: WIZ
A73: 65 | B73: ATHARVA RAGHVENDRA KARAJGIKAR | C73: 27337884 | D73: 55 | E73: 121 | F73: 67 | G73: 42 | H73: 40 | I73: 64 | J73: 162 | K73: JS | L73: WOWWIZ
A74: 66 | B74: OM ANIL ASNANI | C74: 27363602 | D74: 79 | E74: 24 | F74: 59 | G74: 80 | H74: 23 | I74: 190 | J74: 161 | K74: HO | L74: WIZ
A75: 67 | B75: SHAURYA BORGAVKAR | C75: 27374439 | D75: 67 | E75: 61 | F75: 65 | G75: 53 | H75: 28 | I75: 147 | J75: 160 | K75: PANDHARPUR
A76: 68 | B76: ATHARVA JAYPRAKASH TRIGULE | C76: 27356950 | D76: 71 | E76: 50 | F76: 56 | G76: 93 | H76: 33 | I76: 99 | J76: 160 | K76: JS | L76: WIZ
A77: 69 | B77: RUGWED RAMESH PATIL | C77: 27341275 | D77: 56 | E77: 114 | F77: 60 | G77: 74 | H77: 41 | I77: 61 | J77: 157 | K77: JS | L77: WIZ
A78: 70 | B78: OM VIJAY RAJMANE | C78: 27354612 | D78: 58 | E78: 107 | F78: 60 | G78: 74 | H78: 39 | I78: 70 | J78: 157 | K78: PANDHARPUR
A79: 71 | B79: KOMAL SATISH PEGADA | C79: 27361800 | D79: 63 | E79: 81 | F79: 75 | G79: 15 | H79: 19 | I79: 228 | J79: 157 | K79: AC
A80: 72 | B80: SHREYA VASTRE | C80: 27384882 | D80: 65 | E80: 73 | F80: 59 | G80: 80 | H80: 32 | I80: 111 | J80: 156 | K80: HO | L80: WIZ
A81: 73 | B81: NIRMITI NITINKUMAR PATIL | C81: 27391194 | D81: 61 | E81: 92 | F81: 65 | G81: 53 | H81: 30 | I81: 127 | J81: 156 | K81: JS | L81: WIZ
A82: 74 | B82: OJAS AKASH REPAL | C82: 26850028 | D82: 67 | E82: 61 | F82: 46 | G82: 158 | H82: 43 | I82: 56 | J82: 156 | K82: JS | L82: WOW
A83: 75 | B83: SNEHA PAWAR | C83: 27353823 | D83: 48 | E83: 157 | F83: 62 | G83: 68 | H83: 45 | I83: 49 | J83: 155 | K83: PANDHARPUR
A84: 76 | B84: SAEE SAROLE | C84: 27382187 | D84: 67 | E84: 61 | F84: 60 | G84: 74 | H84: 28 | I84: 147 | J84: 155 | K84: JS | L84: WIZ
A85: 77 | B85: VINAYAK ASHWIN PAWAR | C85: 27337465 | D85: 58 | E85: 107 | F85: 45 | G85: 165 | H85: 51 | I85: 34 | J85: 154 | K85: JS | L85: WIZ
A86: 78 | B86: SRUSHTI DINESH DHOTRE | C86: 27391023 | D86: 44 | E86: 178 | F86: 56 | G86: 93 | H86: 54 | I86: 26 | J86: 154 | K86: JS | L86: WIZ
A87: 79 | B87: VAISHNAV PUNYAWANT DHUMAL | C87: 27388688 | D87: 77 | E87: 30 | F87: 49 | G87: 140 | H87: 28 | I87: 147 | J87: 154 | K87: JS | L87: WIZ
A88: 80 | B88: MEGHARAJ PRABHAKAR DAHIPHALE | C88: 27359129 | D88: 57 | E88: 112 | F88: 50 | G88: 135 | H88: 47 | I88: 45 | J88: 154 | K88: JS | L88: WIZ
A89: 81 | B89: ADVAIT SIDDEWADKAR | C89: 27392141 | D89: 47 | E89: 160 | F89: 52 | G89: 119 | H89: 53 | I89: 31 | J89: 152 | K89: PANDHARPUR
A90: 82 | B90: SRUSHTI NITIN GUND | C90: 27391412 | D90: 64 | E90: 78 | F90: 45 | G90: 165 | H90: 43 | I90: 56 | J90: 152 | K90: JS | L90: WIZ
A91: 83 | B91: RAJNANDINI PRAVIN KALKOTE | C91: 27376929 | D91: 63 | E91: 81 | F91: 66 | G91: 49 | H91: 22 | I91: 201 | J91: 151 | K91: HO | L91: WIZ
A92: 84 | B92: OM NARENDRA SUPEKAR | C92: 27383900 | D92: 56 | E92: 114 | F92: 56 | G92: 93 | H92: 39 | I92: 70 | J92: 151 | K92: PANDHARPUR
A93: 85 | B93: HARSHWARDHAN DNYANESHWAR BABAR | C93: 27374819 | D93: 75 | E93: 38 | F93: 45 | G93: 165 | H93: 30 | I93: 127 | J93: 150 | K93: JS | L93: WIZ
A94: 86 | B94: SHRIHARSHA NARENDRA VADDEPALLI | C94: 27365750 | D94: 62 | E94: 85 | F94: 61 | G94: 70 | H94: 27 | I94: 157 | J94: 150 | K94: AC
A95: 87 | B95: VIGHNESH ABHAY MALANG | C95: 27347562 | D95: 67 | E95: 61 | F95: 51 | G95: 129 | H95: 32 | I95: 111 | J95: 150 | K95: AC
A96: 88 | B96: VIKRANT HANMANTRAYA BIRAJDAR | C96: 27341486 | D96: 62 | E96: 85 | F96: 60 | G96: 74 | H96: 28 | I96: 147 | J96: 150 | K96: JS | L96: COC
A97: 89 | B97: PALLAVI PARSHURAM KOLI | C97: 27369945 | D97: 70 | E97: 52 | F97: 56 | G97: 93 | H97: 23 | I97: 190 | J97: 149 | K97: JS | L97: WIZ
A98: 90 | B98: ATHARV DADASAHEB GAVALI | C98: 27389314 | D98: 74 | E98: 42 | F98: 42 | G98: 184 | H98: 33 | I98: 99 | J98: 149 | K98: JS | L98: WIZ
A99: 91 | B99: NIVESH MAHESHKUMAR BABAR | C99: 27349008 | D99: 45 | E99: 173 | F99: 57 | G99: 91 | H99: 47 | I99: 45 | J99: 149 | K99: HO | L99: WIZ
A100: 92 | B100: SANYUKTA VASANT PATIL | C100: 27378902 | D100: 70 | E100: 52 | F100: 36 | G100: 218 | H100: 42 | I100: 59 | J100: 148 | K100: JS | L100: WIZ
A101: 93 | B101: SAKSHI PRAVIN CHAVARE | C101: 27391269 | D101: 51 | E101: 145 | F101: 68 | G101: 38 | H101: 29 | I101: 137 | J101: 148 | K101: JS | L101: WIZ
...

Sheet BRTEST-418TH APRIL 26
A1: BAKLIWAL TUTORIALS
A2: JEE - 2027 BRTEST - 04 (CET FORMAT) RESULT 18th APRIL 2026
A3: TOP 117 STUDENT IN THE SUBJECT
A4: 118 - 234 STUDENT IN THE SUBJECT
A5: 235 - 352 STUDENT IN THE SUBJECT
B6: MEDIAN MARKS | D6: 26 | F6: 18 | H6: 44 | J6: 89
B7: MAX | D7: 50 | F7: 50 | H7: 100 | J7: 200
A8: TOTAL RANK | B8: STUDENT NAME | C8: ROLL NO | D8: PHY | E8: PHY RANK | F8: CHEM | G8: CHE RANK | H8: MATHS | I8: MATH RANK | J8: TOTAL | K8: BRANCH | L8: BATCH
A9: 1 | B9: KARTIK KULKARNI | C9: 23000009 | D9: 46 | E9: 2 | F9: 37 | G9: 6 | H9: 96 | I9: 1 | J9: 179 | K9: JS | L9: =VLOOKUP(C9,Sheet20!$C$2:$D$280,2,0) -> WOW
A10: 2 | B10: OJAS HUMNABADKAR | C10: 25800325 | D10: 46 | E10: 2 | F10: 36 | G10: 9 | H10: 92 | I10: 3 | J10: 174 | K10: JS | L10: =VLOOKUP(C10,Sheet20!$C$2:$D$280,2,0) -> WOW
A11: 3 | B11: KETKI KULKARNI | C11: 23000010 | D11: 42 | E11: 19 | F11: 37 | G11: 6 | H11: 94 | I11: 2 | J11: 173 | K11: JS | L11: =VLOOKUP(C11,Sheet20!$C$2:$D$280,2,0) -> WOW
A12: 4 | B12: ANIMESH CHAVAN | C12: 23000004 | D12: 49 | E12: 1 | F12: 31 | G12: 26 | H12: 90 | I12: 5 | J12: 170 | K12: JS | L12: =VLOOKUP(C12,Sheet20!$C$2:$D$280,2,0) -> WOW
A13: 5 | B13: ISHAN PHADE | C13: 27353204 | D13: 45 | E13: 5 | F13: 37 | G13: 6 | H13: 88 | I13: 6 | J13: 170 | K13: PANDHARPUR | L13: =VLOOKUP(C13,Sheet20!$C$2:$D$280,2,0) -> #N/A
A14: 6 | B14: JAYRAJ HUGAR | C14: 23000008 | D14: 44 | E14: 8 | F14: 33 | G14: 16 | H14: 92 | I14: 3 | J14: 169 | K14: JS | L14: =VLOOKUP(C14,Sheet20!$C$2:$D$280,2,0) -> WOW
A15: 7 | B15: PRAGUN VINEET RATHI | C15: 27343975 | D15: 42 | E15: 19 | F15: 42 | G15: 2 | H15: 84 | I15: 9 | J15: 168 | K15: JS | L15: =VLOOKUP(C15,Sheet20!$C$2:$D$280,2,0) -> WOW
A16: 8 | B16: SURYAANSH SHRINIWAS CHIPPA | C16: 27363118 | D16: 45 | E16: 5 | F16: 38 | G16: 4 | H16: 84 | I16: 9 | J16: 167 | K16: HO | L16: =VLOOKUP(C16,Sheet20!$C$2:$D$280,2,0) -> WIZ
A17: 9 | B17: AISHWARJA BEHERA | C17: 27356474 | D17: 46 | E17: 2 | F17: 47 | G17: 1 | H17: 70 | I17: 31 | J17: 163 | K17: JS | L17: =VLOOKUP(C17,Sheet20!$C$2:$D$280,2,0) -> WOW
A18: 10 | B18: SANKET SHIVAPUTRA BUKKANURE | C18: 27333715 | D18: 44 | E18: 8 | F18: 29 | G18: 36 | H18: 88 | I18: 6 | J18: 161 | K18: JS | L18: =VLOOKUP(C18,Sheet20!$C$2:$D$280,2,0) -> WOW
A19: 11 | B19: ARYAN SHAMKUMAR DESHMUKH | C19: 27343303 | D19: 44 | E19: 8 | F19: 35 | G19: 12 | H19: 82 | I19: 12 | J19: 161 | K19: JS | L19: =VLOOKUP(C19,Sheet20!$C$2:$D$280,2,0) -> WOW
A20: 12 | B20: PRATHEMESH BADAVE | C20: 27355088 | D20: 43 | E20: 12 | F20: 38 | G20: 4 | H20: 80 | I20: 14 | J20: 161 | K20: PANDHARPUR | L20: =VLOOKUP(C20,Sheet20!$C$2:$D$280,2,0) -> #N/A
... A191: 183 | B191: HARISHCHANDRA DETHE | C191: 27353995 | D191: 23 | E191: 212 | F191: 16 | G191: 215 | H191: 48 | I191: 146 | J191: 87 | K191: PANDHARPUR | L191: =VLOOKUP(C191,Sheet20!$C$2:$D$280,2,0) -> #N/A
A192: 184 | B192: VIRAJ MILIND KAMBALE | D192: 33 | E192: 92 | F192: 12 | G192: 298 | H192: 42 | I192: 190 | J192: 87 | K192: PANDHARPUR | L192: =VLOOKUP(C192,Sheet20!$C$2:$D$280,2,0) -> #N/A
A193: 185 | B193: GOURAV VISHAL PARDESHI | C193: 27373204 | D193: 29 | E193: 134 | F193: 18 | G193: 168 | H193: 38 | I193: 222 | J193: 85 | K193: AC | L193: =VLOOKUP(C193,Sheet20!$C$2:$D$280,2,0) -> #N/A
A194: 186 | B194: ASHLESHA JAVHERI | C194: 27354451 | D194: 25 | E194: 186 | F194: 16 | G194: 215 | H194: 44 | I194: 169 | J194: 85 | K194: PANDHARPUR | L194: =VLOOKUP(C194,Sheet20!$C$2:$D$280,2,0) -> #N/A
A195: 187 | B195: ANIKET SHANKARLING MASHALE | C195: 27371554 | D195: 24 | E195: 207 | F195: 12 | G195: 298 | H195: 48 | I195: 146 | J195: 84 | K195: JS | L195: =VLOOKUP(C195,Sheet20!$C$2:$D$280,2,0) -> WIZ
A196: 188 | B196: AKSHAYANI SANJEEV PATIL | C196: 27390113 | D196: 21 | E196: 245 | F196: 17 | G196: 186 | H196: 46 | I196: 156 | J196: 84 | K196: JS | L196: =VLOOKUP(C196,Sheet20!$C$2:$D$280,2,0) -> WIZ
A197: 189 | B197: REVATI GURULINGAPPA HULLE | C197: 27376868 | D197: 20 | E197: 256 | F197: 22 | G197: 105 | H197: 42 | I197: 190 | J197: 84 | K197: JS | L197: =VLOOKUP(C197,Sheet20!$C$2:$D$280,2,0) -> COC
A198: 190 | B198: AAKILESH SOMA | C198: 27364441 | D198: 30 | E198: 119 | F198: 14 | G198: 259 | H198: 40 | I198: 205 | J198: 84 | K198: AC | L198: =VLOOKUP(C198,Sheet20!$C$2:$D$280,2,0) -> #N/A
A199: 191 | B199: AKARSHA RANI | C199: 27356827 | D199: 28 | E199: 147 | F199: 16 | G199: 215 | H199: 40 | I199: 205 | J199: 84 | K199: HO | L199: =VLOOKUP(C199,Sheet20!$C$2:$D$280,2,0) -> COC
A200: 192 | B200: PRATIKSHA SUBHASH NANDE | C200: 27375726 | D200: 35 | E200: 65 | F200: 10 | G200: 323 | H200: 38 | I200: 222 | J200: 83 | K200: JS | L200: =VLOOKUP(C200,Sheet20!$C$2:$D$280,2,0) -> WIZ
A201: 193 | B201: KARN PANDURANG SAGAR | C201: 27374996 | D201: 30 | E201: 119 | F201: 11 | G201: 313 | H201: 42 | I201: 190 | J201: 83 | K201: JS | L201: =VLOOKUP(C201,Sheet20!$C$2:$D$280,2,0) -> WIZ
A202: 194 | B202: TUSHAR HANMANT SAPATE | C202: 27372788 | D202: 24 | E202: 207 | F202: 13 | G202: 277 | H202: 46 | I202: 156 | J202: 83 | K202: JS | L202: =VLOOKUP(C202,Sheet20!$C$2:$D$280,2,0) -> COC
A203: 195 | B203: REVATI UMESH BHOJANE | C203: 27361235 | D203: 21 | E203: 245 | F203: 12 | G203: 298 | H203: 50 | I203: 134 | J203: 83 | K203: HO | L203: =VLOOKUP(C203,Sheet20!$C$2:$D$280,2,0) -> COC
A204: 196 | B204: DHANUSH HARSHVARDHAN SALAGALA | C204: 27379642 | D204: 35 | E204: 65 | F204: 13 | G204: 277 | H204: 34 | I204: 255 | J204: 82 | K204: JS | L204: =VLOOKUP(C204,Sheet20!$C$2:$D$280,2,0) -> WIZ
... A354: 346 | B354: MUGDHA MOHAN TATHE | C354: 27391556 | D354: 12 | E354: 340 | F354: 7 | G354: 342 | H354: 24 | I354: 328 | J354: 43 | K354: JS | L354: =VLOOKUP(C354,Sheet20!$C$2:$D$280,2,0) -> WIZ
A355: 347 | B355: YASH SHIVAJI RATHOD | D355: 10 | E355: 347 | F355: 8 | G355: 337 | H355: 22 | I355: 340 | J355: 40 | K355: JS | L355: =VLOOKUP(C355,Sheet20!$C$2:$D$280,2,0) -> #N/A
A356: 348 | B356: ATHARVA DEEPAK MANE | C356: 27390616 | D356: 15 | E356: 315 | F356: 6 | G356: 345 | H356: 18 | I356: 348 | J356: 39 | K356: JS | L356: =VLOOKUP(C356,Sheet20!$C$2:$D$280,2,0) -> WIZ
A357: 349 | B357: DHANUSH JAGDISH ADAM | C357: 27346612 | D357: 15 | E357: 315 | F357: 3 | G357: 349 | H357: 18 | I357: 348 | J357: 36 | K357: AC | L357: =VLOOKUP(C357,Sheet20!$C$2:$D$280,2,0) -> #N/A
A358: 350 | B358: AQDAS LIYAKAT SHAIKH | C358: 27389514 | D358: 10 | E358: 347 | F358: 8 | G358: 337 | H358: 16 | I358: 350 | J358: 34 | K358: HO | L358: =VLOOKUP(C358,Sheet20!$C$2:$D$280,2,0) -> COC
A359: 351 | B359: SUDEEP PARSHURAM VALSANG | C359: 27373560 | D359: 0 | E359: 351 | F359: 0 | G359: 350 | H359: 34 | I359: 255 | J359: 34 | K359: HO | L359: =VLOOKUP(C359,Sheet20!$C$2:$D$280,2,0) -> WIZ
A360: 352 | B360: SHARAN VINAYAK GADE | C360: 27390248 | D360: 4 | E360: 350 | F360: 6 | G360: 345 | H360: 8 | I360: 352 | J360: 18 | K360: HO | L360: =VLOOKUP(C360,Sheet20!$C$2:$D$280,2,0) -> COC
A361: STUDENTS WHOSE NAMES ARE NOT IN RANK LIST,WERE ABSENT FOR THE TEST

Sheet Sheet20
A1: SN | B1: NAME | C1: ROLL NO | D1: BATCH | E1: BRANCH
A2: 1 | B2: ADITI GURAV | C2: 27361370 | D2: WIZ | E2: HO
A3: 2 | B3: AKSHARA PAWAR | C3: 27340553 | D3: WIZ | E3: HO
A4: 3 | B4: AMOGH NERKAR | C4: 27350142 | D4: WIZ | E4: HO
A5: 5 | B5: APOORV KOTMIRE | C5: 27350246 | D5: WIZ | E5: HO
A6: 6 | B6: GAYATRI LOKHANDE | C6: 27338093 | D6: WIZ | E6: HO
A7: 7 | B7: HARSHVARDHAN LAMKANE | C7: 27367531 | D7: WIZ | E7: HO
A8: 8 | B8: KADAMBARI KSHIRSAGAR | C8: 27386268 | D8: WIZ | E8: HO
A9: 10 | B9: MAHAVISH SHAIKH | C9: 27362434 | D9: WIZ | E9: HO
A10: 11 | B10: MAHIR PATEL | C10: 27343230 | D10: WIZ | E10: HO
A11: 12 | B11: MRUNALI BARAD | C11: 27373379 | D11: WIZ | E11: HO
A12: 13 | B12: MUSADDIK BAGWAN | C12: 27336135 | D12: WIZ | E12: HO
A13: 14 | B13: NAYAN GAUTAM | C13: 27356727 | D13: WIZ | E13: HO
... A23: 24 | B23: SAMRUDDHI MANE | C23: 27358912 | D23: WIZ | E23: HO
B24: SAMYAK JAIN | C24: 27363041 | D24: WIZ | E24: HO
B25: SARTHAK LOKARE | C25: 27362505 | D25: WIZ | E25: HO
B26: SHREYA MOTE | C26: 27377776 | D26: WIZ | E26: HO
B27: SHREYA VASTRE | C27: 27384882 | D27: WIZ | E27: HO
B28: SHRIJIT BHOSALE | C28: 27384156 | D28: WIZ | E28: HO
B29: SIDDHANATH JOSHI | C29: 27358357 | D29: WIZ | E29: HO
B30: SUDEEP VALSANG | C30: 27373560 | D30: WIZ | E30: HO
B31: SURYAANSH CHIPPA | C31: 27363118 | D31: WIZ | E31: HO
B32: TANISHKA MELGEPATIL | C32: 27350087 | D32: WIZ | E32: HO
B33: TANVI DOL | C33: 27361453 | D33: WIZ | E33: HO
B34: TEJAS SONTAKALE | C34: 27337104 | D34: WIZ | E34: HO
B35: VAIDEHI CHOUSALKAR | C35: 27364972 | D35: WIZ | E35: HO
... B205: Srushti Dhotre | C205: 27391023 | D205: WIZ | E205: JS
B206: Yash Rathod | D206: WIZ | E206: JS
B207: Shizan Shaikh | C207: 27391676 | D207: WIZ | E207: JS
B208: Aarav Kulkarni | C208: 27392526 | D208: WIZ | E208: JS
B209: Omkar Desai | C209: 27392718 | D209: WIZ | E209: JS
B210: Pratiksha Kale | C210: 27392699 | D210: WIZ | E210: JS
B211: Namrata Pawar | C211: 27392463 | D211: WIZ | E211: JS
B212: Aarushi Tingare | C212: 27337942 | D212: COC | E212: JS
B213: Abhilasha Kade | C213: 27359044 | D213: COC | E213: JS
B214: Abhimanyu Patil | C214: 27383370 | D214: COC | E214: JS
B215: Adarsh Swami | C215: 27377532 | D215: COC | E215: JS
B216: Aditi Bande | C216: 27368892 | D216: COC | E216: JS
B217: Adarsh Narole | C217: 27370355 | D217: COC | E217: JS
B218: Akash Jakune | C218: 27368630 | D218: COC | E218: JS
... B279: Yatiraj Kore | C279: 27359777 | D279: COC | E279: JS
B280: Anshul Meena

Sheet Sheet1
A1: S NO | B1: STUDENT FULL NAME : | C1: STUDENT'S MOTHER NAME | D1: BATCH :
A2: 1 | B2: APOORV PRAVIN KOTMIRE | C2: KANYAKUMARI | D2: JEE -2027 :(HO)
A3: 2 | B3: OJAS AKASH REPAL | C3: DIPALI | D3: JEE - 2027 : (JS)
A4: 3 | B4: Yatharth Appasaheb Patil | C4: Jyoti | D4: JEE - 2027 : (JS)
A5: 4 | B5: Samruddhi Sunil Birajdar | C5: Meenakshi | D5: JEE -2027 :(HO)
A6: 5 | B6: Varad Vaibhav Thokal | C6: Urmila | D6: JEE - 2027 : (JS)
A7: 6 | B7: ATHARVA JAYPRAKASH TRIGULE | C7: DEEPALI | D7: JEE - 2027 : (JS)
A8: 7 | B8: Pranav Somnath Kandikatla | C8: Swapna | D8: JEE - 2027 :(AC)
A9: 8 | B9: MAHAMAD ZAID FIROJ MANERI | C9: BIBIAYESHA | D9: JEE - 2027 : (JS)
A10: 9 | B10: Shrijeet Santosh Bhosale | C10: Vaishali | D10: JEE -2027 :(HO)
A11: 10 | B11: Pragati laxman gavali | C11: Pramila | D11: JEE - 2027 : (JS)
A12: 11 | B12: Revati Umesh Bhojane | C12: Vanita | D12: JEE -2027 :(HO)
A13: 12 | B13: Divya Madhusudan Shrigari | C13: Sapna | D13: JEE - 2027 :(AC)
... A157: 156 | B157: Shravani Shivanand Patil | C157: Sangita | D157: JEE - 2027 : (JS)
